State,District,2.delta7.vaccinated1,2.delta7.vaccinated2,population,2.total.vaccinated1,2.total.vaccinated2,2.delta.vaccinated2,2.delta.vaccinated1,2.delta21_14.confirmed,2.delta7.confirmed,2.delta7.recovered,2.total.confirmed,2.total.deceased,2.total.recovered,2.delta.confirmed,2.delta.recovered,2.meta.tested.date,totaltested,2.delta.deceased,2.delta7.deceased,2.total.other,2.delta.tested,2.delta7.tested,2.meta.vaccinated.date,2.delta7.other,2.delta.other,TestingRatio,"TestingRatio Category"
AN,Nicobars,62,811,36842,25394,20313,0,0,0,0,0,0,0,0,0,0,0,0,0,0,0,0,0,0,0,0,0.0000,"Very Low"
AN,"North and Middle Andaman",90,1839,105597,78945,59522,8,0,0,0,0,0,0,0,0,0,0,0,0,0,0,0,0,0,0,0,0.0000,"Very Low"
AN,"South Andaman",732,8012,238142,189662,120322,28,3,0,0,0,0,0,0,0,0,0,0,0,0,0,0,0,0,0,0,0.0000,"Very Low"
AN,Unknown,0,0,0,0,0,0,0,9,3,5,7651,129,7518,0,0,0,0,0,0,0,0,0,0,0,0,NULL,"Very Low"
AP,Anantapur,92803,140903,4083315,2690082,1611476,5370,4575,50,38,58,157843,1093,156699,4,5,"26-11-2020 00:00",787085,0,0,0,0,0,0,0,0,0.1928,"Category B"
AP,Chittoor,63824,119541,4170468,2832987,1807873,1306,878,631,516,629,246935,1947,244144,64,87,"26-11-2020 00:00",780322,1,6,0,0,0,0,0,0,0.1871,"Category B"
AP,"East Godavari",36973,223236,5151549,3532220,1990578,237,41,401,604,520,293836,1290,291610,87,121,"26-11-2020 00:00",944746,0,0,0,0,0,0,0,0,0.1834,"Category B"
AP,"Foreign Evacuees",0,0,0,0,0,0,0,0,0,0,434,0,434,0,0,0,0,0,0,0,0,0,0,0,0,NULL,"Very Low"
AP,Guntur,285377,156818,4889230,3440118,1891773,1248,1119,509,272,619,178068,1237,176629,33,198,"26-11-2020 00:00",833823,0,4,0,0,0,0,0,0,0.1705,"Category B"
AP,Krishna,75352,230788,4529009,2971604,1914927,337,51,405,422,467,119348,1430,117130,46,71,"26-11-2020 00:00",782232,1,9,0,0,0,0,0,0,0.1727,"Category B"
AP,Kurnool,178620,73119,4046601,2672759,1290419,1538,4716,31,25,26,124142,853,123264,6,3,"26-11-2020 00:00",867361,0,0,0,0,0,0,0,0,0.2143,"Category B"
AP,"Other State",0,0,0,0,0,0,0,0,0,0,2461,0,2461,0,0,0,0,0,0,0,0,0,0,0,0,NULL,"Very Low"
AP,Prakasam,137338,130213,3392764,2321031,1521177,5872,3292,243,103,290,138482,1124,136989,6,37,"26-11-2020 00:00",697340,0,3,0,0,0,0,0,0,0.2055,"Category B"
AP,"S.P.S. Nellore",96973,114393,2966082,2143402,1403240,1639,2724,283,155,235,146388,1053,144919,34,23,"26-11-2020 00:00",682964,1,2,0,0,0,0,0,0,0.2303,"Category B"
AP,Srikakulam,18883,129575,2699471,1630248,974734,6,2,47,132,72,123109,786,122136,19,20,"26-11-2020 00:00",670899,0,0,0,0,0,0,0,0,0.2485,"Category B"
AP,Visakhapatnam,65301,207340,4288113,2999432,1864960,2311,1309,273,237,227,157737,1127,156492,27,30,"26-11-2020 00:00",744983,0,1,0,0,0,0,0,0,0.1737,"Category B"
AP,Vizianagaram,44847,123576,2342868,1393491,996097,1855,601,30,53,38,82967,672,82231,7,11,"26-11-2020 00:00",531433,1,1,0,0,0,0,0,0,0.2268,"Category B"
AP,"West Godavari",61021,146562,3934782,2525317,1778807,1884,878,171,234,246,179077,1117,177680,40,44,"26-11-2020 00:00",793098,0,4,0,0,0,0,0,0,0.2016,"Category B"
AP,"Y.S.R. Kadapa",65843,90958,2884524,1824032,1328711,1101,1005,146,82,163,115623,644,114904,12,25,"26-11-2020 00:00",671761,0,0,0,0,0,0,0,0,0.2329,"Category B"
AR,Anjaw,45,452,21089,11695,7957,0,0,0,0,0,1068,3,1065,0,0,"28-01-2021 00:00",2845,0,0,0,0,0,0,0,0,0.1349,"Category B"
AR,"Capital Complex",0,0,0,0,0,0,0,0,0,0,0,0,0,0,0,"24-12-2020 00:00",115210,0,0,0,0,0,0,0,0,NULL,"Very Low"
AR,Changlang,298,3803,147951,88857,55361,0,0,0,3,3,3807,22,3780,0,1,"28-01-2021 00:00",23861,0,0,0,0,0,0,0,0,0.1613,"Category B"
AR,"East Kameng",76,409,78413,22931,15646,1,0,0,0,0,1094,0,1094,0,0,"28-01-2021 00:00",7489,0,0,0,0,0,0,0,0,0.0955,"Category A"
AR,"East Siang",365,2013,99019,54001,39434,0,0,2,9,10,3206,17,3183,0,5,"28-01-2021 00:00",21867,0,0,0,0,0,0,0,0,0.2208,"Category B"
AR,Kamle,36,185,22256,6946,3874,0,0,0,0,0,512,0,512,0,0,"28-01-2021 00:00",1385,0,0,0,0,0,0,0,0,0.0622,"Category A"
AR,"Kra Daadi",5,23,0,6275,3272,0,0,0,0,0,270,0,270,0,0,"28-01-2021 00:00",3218,0,0,0,0,0,0,0,0,NULL,"Very Low"
AR,"Kurung Kumey",27,255,89717,9121,5601,0,0,0,0,0,511,1,510,0,0,"28-01-2021 00:00",4201,0,0,0,0,0,0,0,0,0.0468,"Very Low"
AR,"Lepa Rada",40,307,0,13328,10176,54,6,0,0,1,874,3,871,0,0,"28-01-2021 00:00",6747,0,0,0,0,0,0,0,0,NULL,"Very Low"
AR,Lohit,221,1494,145538,31120,22003,0,0,2,9,3,2885,26,2851,0,0,"28-01-2021 00:00",14945,0,0,0,0,0,0,0,0,0.1027,"Category B"
AR,Longding,46,356,60000,19259,7826,0,0,0,1,0,752,2,749,0,0,"28-01-2021 00:00",10342,0,0,0,0,0,0,0,0,0.1724,"Category B"
AR,"Lower Dibang Valley",171,931,53986,32639,22089,1,19,6,14,3,2426,11,2397,0,0,"28-01-2021 00:00",12169,0,0,0,0,0,0,0,0,0.2254,"Category B"
AR,"Lower Siang",37,317,80597,16565,9990,0,0,0,0,0,738,8,730,0,0,"28-01-2021 00:00",7070,0,0,0,0,0,0,0,0,0.0877,"Category A"
AR,"Lower Subansiri",85,767,82839,26916,18827,36,2,7,5,2,3036,15,3015,0,0,"28-01-2021 00:00",10564,0,0,0,0,0,0,0,0,0.1275,"Category B"
AR,Namsai,209,2436,95950,63539,47104,0,0,8,4,16,2124,17,2102,0,0,"28-01-2021 00:00",19987,0,0,0,0,0,0,0,0,0.2083,"Category B"
AR,"Pakke Kessang",25,262,0,8004,4998,14,0,1,0,0,453,0,453,0,0,"28-01-2021 00:00",3327,0,0,0,0,0,0,0,0,NULL,"Very Low"
AR,"Papum Pare",1055,3799,176385,141168,100258,0,0,22,7,12,18316,98,18212,1,1,"28-01-2021 00:00",41960,0,0,0,0,0,0,0,0,0.2379,"Category B"
AR,"Shi Yomi",2,153,13310,6910,5663,0,0,3,1,10,262,0,261,0,0,"28-01-2021 00:00",2169,0,0,0,0,0,0,0,0,0.1630,"Category B"
AR,Siang,40,197,31920,14408,9068,0,0,0,0,0,411,3,408,0,0,"28-01-2021 00:00",4270,0,0,0,0,0,0,0,0,0.1338,"Category B"
AR,Tawang,91,759,49950,29553,23287,0,0,12,12,8,2577,20,2533,0,0,"28-01-2021 00:00",14224,0,0,0,0,0,0,0,0,0.2848,"Category B"
AR,Tirap,35,631,111997,31565,21200,0,0,0,0,2,1109,5,1102,0,0,"28-01-2021 00:00",14657,0,0,0,0,0,0,0,0,0.1309,"Category B"
AR,"Upper Dibang Valley",3,11,7948,4156,2603,0,0,1,0,1,337,2,335,0,0,"28-01-2021 00:00",1910,0,0,0,0,0,0,0,0,0.2403,"Category B"
AR,"Upper Siang",38,411,35289,18594,13671,0,0,2,0,2,1016,1,1015,0,0,"28-01-2021 00:00",6564,0,0,0,0,0,0,0,0,0.1860,"Category B"
AR,"Upper Subansiri",93,1122,83205,24842,16390,0,0,0,0,0,1958,6,1952,0,0,"28-01-2021 00:00",6217,0,0,0,0,0,0,0,0,0.0747,"Category A"
AR,"West Kameng",206,1914,87013,55710,40321,89,15,17,1,21,3545,14,3518,0,7,"28-01-2021 00:00",28155,0,0,0,0,0,0,0,0,0.3236,"Category C"
AR,"West Siang",63,640,112272,33773,27867,0,0,4,0,3,1868,6,1856,0,-5,"28-01-2021 00:00",13192,0,0,0,0,0,0,0,0,0.1175,"Category B"
AS,Baksa,2992,15169,953773,553967,136574,172,39,0,0,0,0,0,0,0,0,0,0,0,0,0,0,0,0,0,0,0.0000,"Very Low"
AS,Barpeta,10495,48544,1693190,1095048,448006,1035,369,0,0,0,0,0,0,0,0,0,0,0,0,0,0,0,0,0,0,0.0000,"Very Low"
AS,Biswanath,5661,35727,612491,456088,213437,1655,507,0,0,0,0,0,0,0,0,0,0,0,0,0,0,0,0,0,0,0.0000,"Very Low"
AS,Bongaigaon,2784,18356,732639,493242,183782,1287,85,0,0,0,0,0,0,0,0,0,0,0,0,0,0,0,0,0,0,0.0000,"Very Low"
AS,Cachar,26826,21591,1736319,1101266,402535,966,2149,0,0,0,0,0,0,0,0,0,0,0,0,0,0,0,0,0,0,0.0000,"Very Low"
AS,Charaideo,1853,16868,0,309125,111219,26,3,0,0,0,0,0,0,0,0,0,0,0,0,0,0,0,0,0,0,NULL,"Very Low"
AS,Chirang,2488,9573,481818,288696,102397,89,22,0,0,0,0,0,0,0,0,0,0,0,0,0,0,0,0,0,0,0.0000,"Very Low"
AS,Darrang,17453,21800,908090,596783,183724,270,365,0,0,0,0,0,0,0,0,0,0,0,0,0,0,0,0,0,0,0.0000,"Very Low"
AS,Dhemaji,3423,15318,688077,431792,184251,47,55,0,0,0,0,0,0,0,0,0,0,0,0,0,0,0,0,0,0,0.0000,"Very Low"
AS,Dhubri,12450,25644,1948632,945264,229696,1906,1042,0,0,0,0,0,0,0,0,0,0,0,0,0,0,0,0,0,0,0.0000,"Very Low"
AS,Dibrugarh,8869,38695,1327748,914640,430800,4007,699,0,0,0,0,0,0,0,0,"01-02-2021 00:00",301657,0,0,0,0,0,0,0,0,0.2272,"Category B"
AS,"Dima Hasao",2532,3737,213529,116318,62593,59,160,0,0,0,0,0,0,0,0,0,0,0,0,0,0,0,0,0,0,0.0000,"Very Low"
AS,Goalpara,4013,30725,1008959,662016,195521,81,47,0,0,0,0,0,0,0,0,0,0,0,0,0,0,0,0,0,0,0.0000,"Very Low"
AS,Golaghat,6525,51417,1058674,711564,306745,2676,504,0,0,0,0,0,0,0,0,0,0,0,0,0,0,0,0,0,0,0.0000,"Very Low"
AS,Hailakandi,1724,11247,659260,422295,146888,705,88,0,0,0,0,0,0,0,0,0,0,0,0,0,0,0,0,0,0,0.0000,"Very Low"
AS,Hojai,6217,36724,931218,602504,274035,2979,512,0,0,0,0,0,0,0,0,0,0,0,0,0,0,0,0,0,0,0.0000,"Very Low"
AS,Jorhat,3383,39677,1091295,649267,297724,2154,225,0,0,0,0,0,0,0,0,0,0,0,0,0,0,0,0,0,0,0.0000,"Very Low"
AS,Kamrup,10451,45828,1517202,1079092,409628,253,231,0,0,0,0,0,0,0,0,0,0,0,0,0,0,0,0,0,0,0.0000,"Very Low"
AS,"Kamrup Metropolitan",6625,38155,1260419,1246239,875897,1713,359,0,0,0,0,0,0,0,0,0,0,0,0,0,0,0,0,0,0,0.0000,"Very Low"
AS,"Karbi Anglong",13744,12778,965280,284600,102798,280,342,0,0,0,0,0,0,0,0,0,0,0,0,0,0,0,0,0,0,0.0000,"Very Low"
AS,Karimganj,5088,20659,1217002,681216,203575,1382,331,0,0,0,0,0,0,0,0,0,0,0,0,0,0,0,0,0,0,0.0000,"Very Low"
AS,Kokrajhar,3935,19711,886999,538901,156488,823,162,0,0,0,0,0,0,0,0,0,0,0,0,0,0,0,0,0,0,0.0000,"Very Low"
AS,Lakhimpur,5870,42164,1040644,681386,301369,1555,148,0,0,0,0,0,0,0,0,0,0,0,0,0,0,0,0,0,0,0.0000,"Very Low"
AS,Majuli,1524,7176,167304,117599,82507,166,36,0,0,0,0,0,0,0,0,0,0,0,0,0,0,0,0,0,0,0.0000,"Very Low"
AS,Morigaon,5298,27861,957853,592446,212146,482,264,0,0,0,0,0,0,0,0,0,0,0,0,0,0,0,0,0,0,0.0000,"Very Low"
AS,Nagaon,16396,36734,2826006,1203831,448081,1481,758,0,0,0,0,0,0,0,0,0,0,0,0,0,0,0,0,0,0,0.0000,"Very Low"
AS,Nalbari,6785,25411,769919,483076,168392,1492,388,0,0,0,0,0,0,0,0,0,0,0,0,0,0,0,0,0,0,0.0000,"Very Low"
AS,Sivasagar,1946,23104,1150253,478954,223921,714,46,0,0,0,0,0,0,0,0,0,0,0,0,0,0,0,0,0,0,0.0000,"Very Low"
AS,Sonitpur,8341,48290,1925975,767841,434213,2664,448,0,0,0,0,0,0,0,0,0,0,0,0,0,0,0,0,0,0,0.0000,"Very Low"
AS,"South Salmara Mankachar",1978,15304,555114,239906,76599,1288,260,0,0,0,0,0,0,0,0,0,0,0,0,0,0,0,0,0,0,0.0000,"Very Low"
AS,Tinsukia,45002,22410,1316948,795057,286170,1679,6637,0,0,0,0,0,0,0,0,0,0,0,0,0,0,0,0,0,0,0.0000,"Very Low"
AS,Udalguri,17371,19343,832769,504439,133919,1396,1935,0,0,0,0,0,0,0,0,"16-09-2020 00:00",24661,0,0,0,0,0,0,0,0,0.0296,"Very Low"
AS,Unknown,0,0,0,0,0,0,0,1499,2056,2215,610645,5997,600974,212,236,0,0,1,24,1347,0,0,0,0,0,NULL,"Very Low"
AS,"West Karbi Anglong",4593,4186,300320,127612,42942,147,312,0,0,0,0,0,0,0,0,0,0,0,0,0,0,0,0,0,0,0.0000,"Very Low"
BR,Araria,51331,69085,2806200,1177154,395227,3067,5177,0,2,0,14978,116,14859,0,0,"03-10-2020 00:00",219221,0,0,0,0,0,0,0,0,0.0781,"Category A"
BR,Arwal,4059,17125,700843,345175,116424,1360,262,0,0,0,7381,74,7307,0,0,"31-01-2021 00:00",101624,0,0,0,0,0,0,0,0,0.1450,"Category B"
BR,Aurangabad,25561,56431,2511243,1132482,407913,2657,1264,0,0,0,20011,75,19936,0,0,"31-01-2021 00:00",412007,0,0,0,0,0,0,0,0,0.1641,"Category B"
BR,Banka,24239,34077,2029339,935177,351254,3138,2635,0,0,0,7379,112,7267,0,0,"31-01-2021 00:00",364776,0,0,0,0,0,0,0,0,0.1798,"Category B"
BR,Begusarai,33903,65735,2954367,1430906,480982,2774,1906,8,2,7,27212,457,26754,0,1,"26-09-2020 00:00",213670,0,0,0,0,0,0,0,0,0.0723,"Category A"
BR,Bhagalpur,49875,78088,3032226,1494951,650332,3458,2122,1,1,1,25840,309,25531,0,1,"31-01-2021 00:00",582113,0,0,0,0,0,0,0,0,0.1920,"Category B"
BR,Bhojpur,31626,53006,2720155,1291186,382719,4879,3232,0,0,0,10210,159,10051,0,0,"31-01-2021 00:00",466438,0,0,0,0,0,0,0,0,0.1715,"Category B"
BR,Buxar,14794,38792,1707643,907374,322555,2516,1083,0,0,0,9248,182,9066,0,0,"31-01-2021 00:00",461428,0,0,0,0,0,0,0,0,0.2702,"Category B"
BR,Darbhanga,39165,82276,3921971,1869372,741553,5306,2858,0,0,1,10937,370,10567,0,0,"11-01-2021 00:00",448442,0,0,0,0,0,0,0,0,0.1143,"Category B"
BR,"East Champaran",29316,84760,5082868,2498559,1002939,8014,2434,1,2,0,19017,430,18585,0,0,"03-11-2020 00:00",548132,0,0,0,0,0,0,0,0,0.1078,"Category B"
BR,Gaya,72504,82490,4379383,1925234,722746,1689,1708,1,0,1,33952,280,33672,0,0,"31-01-2021 00:00",872359,0,0,0,0,0,0,0,0,0.1992,"Category B"
BR,Gopalganj,31750,70093,2558037,1286763,481968,8468,5308,0,0,1,16685,94,16591,0,0,"31-01-2021 00:00",562654,0,0,0,0,0,0,0,0,0.2200,"Category B"
BR,Jamui,24440,24005,1756078,800488,222093,1416,1435,0,0,1,9418,106,9312,0,0,"31-01-2021 00:00",342005,0,0,0,0,0,0,0,0,0.1948,"Category B"
BR,Jehanabad,12986,27200,1124176,498448,184446,1617,498,0,0,0,10783,109,10674,0,0,"31-01-2021 00:00",492255,0,0,0,0,0,0,0,0,0.4379,"Category C"
BR,Kaimur,19996,28681,1626900,801438,225437,2183,1067,0,0,0,4984,147,4837,0,0,"31-01-2021 00:00",442332,0,0,0,0,0,0,0,0,0.2719,"Category B"
BR,Katihar,53448,75733,3068149,1451838,403046,2966,2680,0,0,1,18145,94,18051,0,0,"31-01-2021 00:00",556438,0,0,0,0,0,0,0,0,0.1814,"Category B"
BR,Khagaria,15402,32372,1657599,775019,222012,2118,881,0,0,0,10064,88,9976,0,0,"04-10-2020 00:00",148340,0,0,0,0,0,0,0,0,0.0895,"Category A"
BR,Kishanganj,24597,25592,1690948,757066,205274,1445,1997,0,4,2,10128,66,10057,3,1,"31-01-2021 00:00",294321,0,0,0,0,0,0,0,0,0.1741,"Category B"
BR,Lakhisarai,8894,16437,1000717,461970,138407,1005,595,0,0,0,7776,102,7674,0,0,"31-01-2021 00:00",332434,0,0,0,0,0,0,0,0,0.3322,"Category C"
BR,Madhepura,28832,43563,1994618,965767,260408,4459,2700,1,1,0,12547,111,12435,0,0,"31-01-2021 00:00",455482,0,0,0,0,0,0,0,0,0.2284,"Category B"
BR,Madhubani,28535,69785,4476044,1974159,680214,6686,2735,0,3,0,18365,339,18023,2,0,"31-01-2021 00:00",715168,0,0,0,0,0,0,0,0,0.1598,"Category B"
BR,Munger,7445,33005,1359054,707588,264665,2867,851,1,0,1,15111,158,14953,0,0,"31-01-2021 00:00",325212,0,0,0,0,0,0,0,0,0.2393,"Category B"
BR,Muzaffarpur,40686,80513,4778610,2253919,717015,7023,3545,0,0,1,31398,621,30777,0,0,"31-01-2021 00:00",722651,0,0,0,0,0,0,0,0,0.1512,"Category B"
BR,Nalanda,36716,66091,2872523,1393762,638181,1826,2168,0,0,0,23432,468,22964,0,0,"31-01-2021 00:00",591346,0,0,0,0,0,0,0,0,0.2059,"Category B"
BR,Nawada,46619,35295,2216653,1062349,274319,4338,4176,0,1,0,10353,178,10174,0,0,"16-11-2020 00:00",322514,0,0,0,0,0,0,0,0,0.1455,"Category B"
BR,Patna,35436,159875,5772804,3421614,2366474,2024,737,14,14,8,147007,2334,144651,2,3,"31-01-2021 00:00",676238,0,0,0,0,0,0,0,0,0.1171,"Category B"
BR,Purnia,61212,74531,3273127,1603099,729224,1959,2821,0,0,0,24427,180,24247,0,0,"05-01-2021 00:00",568756,0,0,0,0,0,0,0,0,0.1738,"Category B"
BR,Rohtas,40918,59698,2962593,1498172,465660,4149,4911,0,2,0,13980,271,13707,0,0,"31-01-2021 00:00",521553,0,0,0,0,0,0,0,0,0.1760,"Category B"
BR,Saharsa,106392,80718,1897102,995618,366567,18126,28493,0,0,0,17616,134,17482,0,0,"31-01-2021 00:00",356327,0,0,0,0,0,0,0,0,0.1878,"Category B"
BR,Samastipur,48167,64119,4254782,1991102,555728,5157,3216,1,2,2,20020,155,19864,1,1,"31-01-2021 00:00",614569,0,0,0,0,0,0,0,0,0.1444,"Category B"
BR,Saran,41734,82407,3943098,1868014,736766,6693,4149,0,5,2,23278,255,23020,0,2,"31-01-2021 00:00",761473,0,0,0,0,0,0,0,0,0.1931,"Category B"
BR,Sheikhpura,4942,10739,634927,287209,95322,788,345,0,0,0,7693,75,7618,0,0,"31-01-2021 00:00",142348,0,0,0,0,0,0,0,0,0.2242,"Category B"
BR,Sheohar,2946,7111,656916,300967,108766,1629,666,0,0,2,4404,36,4368,0,0,"16-11-2020 00:00",199431,0,0,0,0,0,0,0,0,0.3036,"Category C"
BR,Sitamarhi,43474,60677,3419622,1511464,424182,5476,3873,1,0,0,9185,127,9058,0,0,"31-01-2021 00:00",453227,0,0,0,0,0,0,0,0,0.1325,"Category B"
BR,Siwan,18385,69069,3318176,1670590,684755,4030,1163,0,0,0,15195,170,15025,0,0,"31-01-2021 00:00",536438,0,0,0,0,0,0,0,0,0.1617,"Category B"
BR,Supaul,35486,71754,2228397,1069993,369925,5131,3029,1,0,0,17222,129,17093,0,0,"31-01-2021 00:00",456511,0,0,0,0,0,0,0,0,0.2049,"Category B"
BR,Vaishali,45426,59038,3495021,1671469,478638,2621,1522,0,1,0,19827,192,19632,0,0,"31-01-2021 00:00",275884,0,0,1,0,0,0,0,0,0.0789,"Category A"
BR,"West Champaran",42709,52019,3935042,1784016,469332,6316,7525,0,0,0,20890,358,20532,0,0,"31-01-2021 00:00",551778,0,0,0,0,0,0,0,0,0.1402,"Category B"
CT,Balod,5983,9451,826165,537459,271570,762,523,3,2,1,27278,396,26880,0,0,"14-06-2020 00:00",2749,0,0,0,0,0,0,0,0,0.0033,"Very Low"
CT,"Baloda Bazar",25353,17419,1305343,617777,211945,605,953,1,0,3,43085,471,42611,0,1,"14-06-2020 00:00",3816,0,0,0,0,0,0,0,0,0.0029,"Very Low"
CT,Balrampur,21912,17709,598855,305554,112777,725,1654,0,0,0,20302,118,20182,0,0,"20-09-2020 00:00",21481,0,0,0,0,0,0,0,0,0.0359,"Very Low"
CT,Bametara,14367,7690,197035,405388,132925,25,25,1,1,0,19963,236,19726,1,0,"14-06-2020 00:00",3113,0,0,0,0,0,0,0,0,0.0158,"Very Low"
CT,Bastar,10696,9616,1302253,443759,178775,129,82,0,24,2,21066,188,20845,2,2,"23-05-2020 00:00",4522,0,0,0,0,0,0,0,0,0.0035,"Very Low"
CT,Bijapur,1251,913,229832,103247,44245,56,47,6,5,3,8324,55,8263,3,1,"14-06-2020 00:00",1239,0,0,0,0,0,0,0,0,0.0054,"Very Low"
CT,Bilaspur,18318,50320,1961922,1031494,525066,9113,2404,12,17,8,65681,1210,64448,1,3,"14-06-2020 00:00",9823,0,2,0,0,0,0,0,0,0.0050,"Very Low"
CT,"Dakshin Bastar Dantewada",2225,5410,533638,158243,80855,1299,143,4,6,2,10840,25,10809,1,0,"14-06-2020 00:00",1168,0,0,0,0,0,0,0,0,0.0022,"Very Low"
CT,Dhamtari,6188,7319,799199,509782,224591,18,1,2,2,2,27239,545,26690,0,2,"14-06-2020 00:00",1501,0,0,0,0,0,0,0,0,0.0019,"Very Low"
CT,Durg,17012,22719,3343079,1012391,525445,908,468,19,26,18,96880,1798,95028,4,6,"14-06-2020 00:00",5020,0,1,0,0,0,0,0,0,0.0015,"Very Low"
CT,Gariaband,9982,5872,597653,293987,99137,153,440,0,1,0,19701,194,19506,0,0,"14-06-2020 00:00",2096,0,0,0,0,0,0,0,0,0.0035,"Very Low"
CT,"Gaurela Pendra Marwahi",4045,4587,0,189474,79788,297,257,0,1,0,12011,146,11864,1,0,"14-06-2020 00:00",273,0,0,0,0,0,0,0,0,NULL,"Very Low"
CT,"Janjgir Champa",45568,30991,1620632,896087,317605,1341,1722,9,19,8,57636,838,56766,2,4,"14-06-2020 00:00",4016,0,1,0,0,0,0,0,0,0.0025,"Very Low"
CT,Jashpur,10933,13098,852043,435884,182747,383,187,6,10,6,27093,212,26867,0,3,"14-06-2020 00:00",2542,0,0,0,0,0,0,0,0,0.0030,"Very Low"
CT,Kabeerdham,17511,17876,584667,402362,173494,1288,1128,0,1,0,22771,267,22503,0,0,"14-06-2020 00:00",2829,0,0,0,0,0,0,0,0,0.0048,"Very Low"
CT,Kondagaon,8359,7999,578326,317695,100468,184,243,2,4,1,13139,99,13036,0,0,"14-06-2020 00:00",1607,0,0,0,0,0,0,0,0,0.0028,"Very Low"
CT,Korba,24033,24911,1206563,650457,287588,1126,1086,13,23,11,54847,580,54228,5,2,"14-06-2020 00:00",10034,0,0,0,0,0,0,0,0,0.0083,"Very Low"
CT,Koriya,15621,5751,659039,375503,128177,346,2370,1,6,0,26980,177,26798,0,0,"14-06-2020 00:00",2689,1,1,0,0,0,0,0,0,0.0041,"Very Low"
CT,Mahasamund,4416,72466,1032275,738333,428365,6309,159,2,0,1,31365,365,31000,0,0,"14-06-2020 00:00",2183,0,0,0,0,0,0,0,0,0.0021,"Very Low"
CT,Mungeli,15254,12880,701707,282508,109857,981,1330,2,1,2,23921,167,23753,0,0,"14-06-2020 00:00",2922,0,0,0,0,0,0,0,0,0.0042,"Very Low"
CT,Narayanpur,3057,1858,140206,53032,19468,903,1075,1,0,1,4019,14,4005,0,0,"14-06-2020 00:00",804,0,0,0,0,0,0,0,0,0.0057,"Very Low"
CT,"Other State",0,0,0,0,0,0,0,3,4,3,805,131,666,1,0,0,0,0,0,0,0,0,0,0,0,NULL,"Very Low"
CT,Raigarh,5114,122838,1493627,1074306,967326,6265,752,10,8,8,62590,978,61597,2,4,"14-06-2020 00:00",5084,0,0,0,0,0,0,0,0,0.0034,"Very Low"
CT,Raipur,10441,40794,4062160,1557999,915437,3193,789,15,33,15,158035,3139,154852,9,3,"14-06-2020 00:00",12704,0,0,0,0,0,0,0,0,0.0031,"Very Low"
CT,Rajnandgaon,15753,25270,1537520,1028876,530711,650,596,2,5,3,56077,515,55557,0,0,"09-11-2020 00:00",124947,0,0,0,0,0,0,0,0,0.0813,"Category A"
CT,Sukma,3208,5401,249000,134654,81437,77,140,3,1,4,8066,20,8041,0,1,"14-06-2020 00:00",1723,0,0,0,0,0,0,0,0,0.0069,"Very Low"
CT,Surajpur,13506,13873,660280,419247,163526,322,442,1,0,0,29029,224,28805,0,0,"14-06-2020 00:00",1830,0,0,0,0,0,0,0,0,0.0028,"Very Low"
CT,Surguja,29827,33226,420661,468885,277031,1834,1831,2,2,0,33673,245,33426,0,0,"18-11-2020 00:00",103578,0,0,0,0,0,0,0,0,0.2462,"Category B"
CT,"Uttar Bastar Kanker",17930,14621,748593,405744,171484,645,995,4,3,1,23636,224,23407,0,0,"14-06-2020 00:00",2051,0,0,0,0,0,0,0,0,0.0027,"Very Low"
DN,"Dadra and Nagar Haveli",870,6759,343709,387772,183553,18,3,2,0,0,5920,3,5910,0,0,"20-10-2020 00:00",44813,0,0,5,0,0,0,0,0,0.1304,"Category B"
DN,Daman,1880,6793,191173,234202,155547,0,0,2,0,2,3543,1,3516,0,1,"20-10-2020 00:00",19338,0,0,26,0,0,0,0,0,0.1012,"Category B"
DN,Diu,52,690,52074,38779,31153,0,0,0,0,0,1218,0,1218,0,0,"20-10-2020 00:00",8259,0,0,0,0,0,0,0,0,0.1586,"Category B"
GA,"North Goa",4007,23958,817761,600586,424066,5967,1070,0,0,0,0,0,0,0,0,0,0,0,0,0,0,0,0,0,0,0.0000,"Very Low"
GA,"South Goa",4401,22504,639962,661972,487016,6405,1492,0,0,0,0,0,0,0,0,0,0,0,0,0,0,0,0,0,0,0.0000,"Very Low"
GA,Unknown,0,0,0,0,0,0,0,409,222,409,178108,3364,174392,23,53,0,0,0,6,0,0,0,0,0,0,NULL,"Very Low"
GJ,Ahmedabad,47316,169891,7208200,5961594,3439921,11394,1765,29,22,14,238334,3411,234889,4,2,"02-02-2021 00:00",2556492,0,0,0,0,0,0,0,0,0.3547,"Category C"
GJ,Amreli,5473,39398,1513614,927389,551970,3792,399,0,0,0,10810,102,10708,0,0,"02-02-2021 00:00",212265,0,0,0,0,0,0,0,0,0.1402,"Category B"
GJ,Anand,33012,46764,2090276,1471865,935893,2866,4876,0,6,1,9637,49,9581,0,0,"02-02-2021 00:00",171851,0,0,0,0,0,0,0,0,0.0822,"Category A"
GJ,Aravalli,1439,32201,1051746,717964,522361,106,2,0,0,0,5186,78,5108,0,0,"02-02-2021 00:00",122182,0,0,0,0,0,0,0,0,0.1162,"Category B"
GJ,Banaskantha,16080,82985,3116045,2140492,1157901,3521,390,0,0,0,13631,162,13469,0,0,"02-02-2021 00:00",218527,0,0,0,0,0,0,0,0,0.0701,"Category A"
GJ,Bharuch,21270,45926,1550822,1217587,669742,2936,1539,0,0,0,11426,118,11308,0,0,"02-02-2021 00:00",156057,0,0,0,0,0,0,0,0,0.1006,"Category B"
GJ,Bhavnagar,19467,81374,2877961,1680398,986097,1470,359,3,1,0,21447,301,21143,1,0,"02-02-2021 00:00",392834,0,0,0,0,0,0,0,0,0.1365,"Category B"
GJ,Botad,929,14235,656005,378232,228691,235,13,0,0,0,2218,42,2176,0,0,"02-02-2021 00:00",98559,0,0,0,0,0,0,0,0,0.1502,"Category B"
GJ,"Chhota Udaipur",699,19920,1071831,635695,420157,818,4,0,0,0,3395,38,3357,0,0,"02-02-2021 00:00",93838,0,0,0,0,0,0,0,0,0.0875,"Category A"
GJ,Dahod,626,53547,2126558,1499052,631818,1930,8,0,0,0,9955,38,9917,0,0,"02-02-2021 00:00",218259,0,0,0,0,0,0,0,0,0.1026,"Category B"
GJ,Dang,4140,3726,226769,156334,59262,1,2,-2,0,0,866,18,848,0,0,"02-02-2021 00:00",31921,0,0,0,0,0,0,0,0,0.1408,"Category B"
GJ,"Devbhumi Dwarka",4666,24924,752484,504501,309771,373,315,0,0,0,4175,82,4093,0,0,"02-02-2021 00:00",80424,0,0,0,0,0,0,0,0,0.1069,"Category B"
GJ,Gandhinagar,5475,36333,1387478,1175562,706208,367,69,-1,0,0,20754,205,20549,0,0,"02-02-2021 00:00",292598,0,0,0,0,0,0,0,0,0.2109,"Category B"
GJ,"Gir Somnath",8524,15341,1217477,845224,363467,15,912,3,2,2,8570,67,8499,0,0,"02-02-2021 00:00",121948,0,0,0,0,0,0,0,0,0.1002,"Category B"
GJ,Jamnagar,9406,37158,2159130,1111813,653950,1366,367,1,5,3,34978,478,34494,0,1,"02-02-2021 00:00",307911,0,0,0,0,0,0,0,0,0.1426,"Category B"
GJ,Junagadh,2660,71531,2742291,1316479,733025,1232,62,13,6,2,20505,272,20226,2,0,"02-02-2021 00:00",199699,0,0,0,0,0,0,0,0,0.0728,"Category A"
GJ,Kheda,11668,73838,2298934,1454344,893742,2105,124,3,0,1,10439,48,10391,0,0,"02-02-2021 00:00",218140,0,0,0,0,0,0,0,0,0.0949,"Category A"
GJ,Kutch,8920,49662,2090313,1412923,680232,351,15,4,5,1,12631,145,12474,0,0,"02-02-2021 00:00",267060,0,0,0,0,0,0,0,0,0.1278,"Category B"
GJ,Mahisagar,62,16517,994624,815594,459520,929,1,0,0,0,8194,72,8122,0,0,"02-02-2021 00:00",122796,0,0,0,0,0,0,0,0,0.1235,"Category B"
GJ,Mehsana,7523,48550,2027727,1405786,869969,723,71,0,0,1,24419,177,24242,0,0,"02-02-2021 00:00",229904,0,0,0,0,0,0,0,0,0.1134,"Category B"
GJ,Morbi,9950,20297,960329,674000,308840,118,31,0,0,0,6502,87,6415,0,0,"02-02-2021 00:00",157321,0,0,0,0,0,0,0,0,0.1638,"Category B"
GJ,Narmada,546,13890,590379,413260,279684,12,2,2,0,2,5955,15,5940,0,0,"02-02-2021 00:00",76134,0,0,0,0,0,0,0,0,0.1290,"Category B"
GJ,Navsari,1852,29095,1330711,948673,647484,2009,62,11,5,13,7215,24,7181,0,1,"02-02-2021 00:00",129099,0,0,0,0,0,0,0,0,0.0970,"Category A"
GJ,"Other State",0,0,0,0,0,0,0,0,0,0,162,3,159,0,0,"27-06-2020 00:00",108,0,0,0,0,0,0,0,0,NULL,"Very Low"
GJ,Panchmahal,7294,44832,2388267,1105110,626003,1246,80,0,0,0,11770,70,11700,0,0,"02-02-2021 00:00",160981,0,0,0,0,0,0,0,0,0.0674,"Category A"
GJ,Patan,3369,37745,1342746,850462,533438,259,20,0,0,0,11624,129,11495,0,0,"02-02-2021 00:00",169059,0,0,0,0,0,0,0,0,0.1259,"Category B"
GJ,Porbandar,1140,13063,586062,419364,256377,1062,48,0,0,0,3486,19,3467,0,0,"02-02-2021 00:00",97912,0,0,0,0,0,0,0,0,0.1671,"Category B"
GJ,Rajkot,17510,53546,3157676,2227111,1255012,153,43,2,7,7,57976,725,57243,0,7,"02-02-2021 00:00",731251,0,0,0,0,0,0,0,0,0.2316,"Category B"
GJ,Sabarkantha,4232,45789,2427346,1000517,596705,1181,66,0,1,0,9317,157,9159,0,0,"02-02-2021 00:00",182090,0,0,0,0,0,0,0,0,0.0750,"Category A"
GJ,Surat,35083,115694,4996391,4781894,2529712,7090,2525,38,38,30,143874,1956,141885,4,4,"02-02-2021 00:00",1938229,0,1,0,0,0,0,0,0,0.3879,"Category C"
GJ,Surendranagar,18641,79795,1755873,1113845,715931,647,51,0,0,0,8121,136,7985,0,0,"02-02-2021 00:00",201153,0,0,0,0,0,0,0,0,0.1146,"Category B"
GJ,Tapi,3010,23409,806489,527345,303297,111,14,-1,0,0,4441,24,4417,0,0,"02-02-2021 00:00",92524,0,0,0,0,0,0,0,0,0.1147,"Category B"
GJ,Vadodara,16527,182027,3639775,2612578,1940514,12194,437,16,36,14,78159,788,77335,6,2,"02-02-2021 00:00",695670,0,0,0,0,0,0,0,0,0.1911,"Category B"
GJ,Valsad,6616,36430,1703068,1232139,704675,46,84,28,25,25,6405,53,6308,3,6,"02-02-2021 00:00",155380,0,1,0,0,0,0,0,0,0.0912,"Category A"
HP,Bilaspur,695,15071,382056,323204,234916,329,6,78,133,77,14374,85,14120,11,12,"19-12-2020 00:00",39738,0,0,1,0,0,0,0,0,0.1040,"Category B"
HP,Chamba,1439,18796,518844,364258,198146,1749,146,8,27,13,13687,160,13492,0,2,"19-12-2020 00:00",53505,0,0,2,0,0,0,0,0,0.1031,"Category B"
HP,Hamirpur,713,26076,454293,377332,269143,32,0,177,288,228,17379,287,16741,11,50,"19-12-2020 00:00",46407,0,4,1,0,0,0,0,0,0.1022,"Category B"
HP,Kangra,2399,39940,1507223,1182563,725754,23,2,310,657,454,50818,1125,48872,40,108,"19-12-2020 00:00",94910,1,10,4,0,0,0,0,0,0.0630,"Category A"
HP,Kinnaur,95,517,84298,79673,63209,0,0,4,2,6,3507,38,3465,0,1,"19-12-2020 00:00",6730,0,0,0,0,0,0,0,0,0.0798,"Category A"
HP,Kullu,889,9323,437474,351261,203549,0,0,17,19,18,9692,158,9496,0,3,"29-09-2020 00:00",12012,0,0,2,0,0,0,-1,0,0.0275,"Very Low"
HP,"Lahaul and Spiti",30,412,31528,31920,20986,0,0,1,0,0,2953,18,2935,0,0,"31-10-2020 00:00",540,0,0,0,0,0,0,0,0,0.0171,"Very Low"
HP,Mandi,1156,26214,999518,775242,479355,2275,99,165,140,141,31606,448,30983,4,5,"19-12-2020 00:00",41895,0,3,0,0,0,0,0,0,0.0419,"Very Low"
HP,Shimla,2224,37351,813384,678341,412640,1688,20,72,100,66,27549,641,26786,4,9,"19-12-2020 00:00",32922,0,3,1,0,0,0,0,0,0.0405,"Very Low"
HP,Sirmaur,1388,22247,530164,423793,209631,1185,52,0,1,0,15456,211,15244,0,0,"19-12-2020 00:00",42564,0,0,0,0,0,0,0,0,0.0803,"Category A"
HP,Solan,1393,21242,576670,691163,339630,493,33,25,25,27,22817,314,22472,4,2,"19-12-2020 00:00",57200,0,0,0,0,0,0,0,0,0.0992,"Category A"
HP,Una,824,16782,521057,434945,286819,396,24,101,145,124,14268,253,13804,11,6,"19-12-2020 00:00",52905,0,0,2,0,0,0,0,0,0.1015,"Category B"
HR,Ambala,3021,25458,1136784,873020,571772,587,100,2,2,1,30150,509,29639,0,0,"30-01-2021 00:00",206003,0,0,0,0,0,0,0,0,0.1812,"Category B"
HR,Bhiwani,6166,25664,1629109,741251,317765,2454,578,0,0,0,22409,652,21757,0,0,"30-01-2021 00:00",176225,0,0,0,0,0,0,0,0,0.1082,"Category B"
HR,"Charkhi Dadri",941,11884,502276,364599,262184,35,2,0,0,2,5078,139,4939,0,0,"28-10-2020 00:00",58525,0,0,0,0,0,0,0,0,0.1165,"Category B"
HR,Faridabad,17515,30156,1798954,1658940,840997,1577,818,8,18,7,99902,716,99157,1,0,"30-01-2021 00:00",504970,0,0,0,0,0,0,0,0,0.2807,"Category B"
HR,Fatehabad,1800,7458,941522,574546,201763,37,30,1,0,0,17875,481,17394,0,0,"29-08-2020 00:00",27456,0,0,0,0,0,0,0,0,0.0292,"Very Low"
HR,Gurugram,20221,48107,1514085,2193114,1377160,1637,264,47,55,48,181428,922,180454,7,8,"30-01-2021 00:00",742619,0,0,0,0,0,0,0,0,0.4905,"Category C"
HR,Hisar,5821,12364,1742815,994213,332162,111,58,0,2,0,53995,1136,52857,0,0,"30-01-2021 00:00",322039,0,0,0,0,0,0,0,0,0.1848,"Category B"
HR,Jhajjar,8229,19599,956907,684511,293496,996,569,0,1,0,18849,328,18514,0,0,"30-11-2020 00:00",186853,0,0,0,0,0,0,0,0,0.1953,"Category B"
HR,Jind,13366,21662,1332042,704573,250859,567,490,0,1,0,21209,533,20675,0,0,"13-07-2020 00:00",11157,0,0,0,0,0,0,0,0,0.0084,"Very Low"
HR,Kaithal,4183,11836,1072861,615168,217439,149,69,2,0,2,11244,346,10898,0,0,"13-07-2020 00:00",11687,0,0,0,0,0,0,0,0,0.0109,"Very Low"
HR,Karnal,8109,23328,1506323,1000120,451876,217,617,2,1,0,40037,552,39484,1,0,"30-01-2021 00:00",185147,0,0,0,0,0,0,0,0,0.1229,"Category B"
HR,Kurukshetra,4064,9522,964231,610380,248125,199,55,1,1,1,22147,357,21789,0,0,"29-01-2021 00:00",198881,0,0,0,0,0,0,0,0,0.2063,"Category B"
HR,Mahendragarh,4857,10632,921680,576527,264911,529,205,0,0,0,21689,155,21534,0,0,"30-01-2021 00:00",143253,0,0,0,0,0,0,0,0,0.1554,"Category B"
HR,Nuh,10812,3789,1089406,354422,78081,583,2433,0,0,0,5014,123,4890,0,0,"01-11-2020 00:00",93389,0,0,0,0,0,0,0,0,0.0857,"Category A"
HR,Palwal,7558,9496,1040493,608874,221786,259,358,1,0,0,11025,153,10872,0,0,"30-01-2021 00:00",139809,0,0,0,0,0,0,0,0,0.1344,"Category B"
HR,Panchkula,1786,10743,558890,456675,279951,1033,127,7,10,12,30770,378,30379,1,2,"05-12-2020 00:00",118725,0,0,0,0,0,0,0,0,0.2124,"Category B"
HR,Panipat,7950,12888,1202811,830805,273172,1054,375,0,1,0,31150,638,30510,1,0,"06-10-2020 00:00",58863,0,0,0,0,0,0,0,0,0.0489,"Very Low"
HR,Rewari,2550,9877,896129,648724,294989,353,83,2,0,4,20327,221,20106,0,0,"30-01-2021 00:00",151363,0,0,0,0,0,0,0,0,0.1689,"Category B"
HR,Rohtak,11409,17219,1058683,674649,305282,953,311,4,0,1,25903,534,25350,0,0,"13-07-2020 00:00",25894,0,0,0,0,0,0,0,0,0.0245,"Very Low"
HR,Sirsa,4263,8228,1295114,786205,278920,92,47,3,3,2,29282,508,28771,0,0,"06-12-2020 00:00",150193,0,0,0,0,0,0,0,0,0.1160,"Category B"
HR,Sonipat,9421,21065,1480080,989125,411915,2190,785,1,0,1,47138,254,46884,0,0,"06-12-2020 00:00",238963,0,0,0,0,0,0,0,0,0.1615,"Category B"
HR,Yamunanagar,6471,16554,1214162,831598,340196,185,102,2,0,6,24631,414,24215,0,0,"30-01-2021 00:00",196131,0,0,0,0,0,0,0,0,0.1615,"Category B"
JH,Bokaro,27554,34375,2061918,994497,333330,4363,3236,5,15,13,19461,286,19170,0,0,"23-07-2020 00:00",11798,0,0,0,0,0,0,0,0,0.0057,"Very Low"
JH,Chatra,5946,11402,1042304,454807,126700,1813,909,0,0,0,6033,53,5977,0,0,0,0,0,0,0,0,0,0,0,0,0.0000,"Very Low"
JH,Deoghar,9801,19008,1491879,569167,230458,2299,985,0,2,1,10835,113,10721,0,0,"23-07-2020 00:00",6951,0,0,0,0,0,0,0,0,0.0047,"Very Low"
JH,Dhanbad,33374,34095,2682662,1185934,446946,3597,2811,1,24,13,16589,382,16196,0,1,0,0,0,0,0,0,0,0,0,0,0.0000,"Very Low"
JH,Dumka,12679,22872,1321096,638722,229944,2659,1460,0,2,2,4636,47,4589,0,1,"23-07-2020 00:00",5400,0,0,0,0,0,0,0,0,0.0041,"Very Low"
JH,"East Singhbhum",11994,29238,2291032,1424376,661091,4669,1925,11,47,42,51974,1046,50907,0,3,0,0,0,2,0,0,0,0,0,0,0.0000,"Very Low"
JH,Garhwa,17210,15386,1322387,456056,148421,3027,4770,1,6,7,6895,94,6801,0,1,0,0,0,0,0,0,0,0,0,0,0.0000,"Very Low"
JH,Giridih,16994,29823,2445203,994417,301193,3577,2411,0,0,0,8964,130,8834,0,0,"23-07-2020 00:00",11132,0,0,0,0,0,0,0,0,0.0046,"Very Low"
JH,Godda,7385,16537,1311382,527710,198198,1883,906,0,1,1,5840,87,5753,0,0,"23-07-2020 00:00",10980,0,0,0,0,0,0,0,0,0.0084,"Very Low"
JH,Gumla,4900,8696,1025656,387738,156364,744,465,0,5,0,9900,38,9857,0,0,0,0,0,0,0,0,0,0,0,0,0.0000,"Very Low"
JH,Hazaribagh,11940,21857,1734005,865943,317137,1243,678,0,3,3,19593,186,19404,0,0,0,0,0,0,0,0,0,0,0,0,0.0000,"Very Low"
JH,Jamtara,9614,12331,790207,381155,137216,1373,973,1,4,3,5599,61,5534,0,0,"21-07-2020 00:00",2880,0,1,0,0,0,0,0,0,0.0036,"Very Low"
JH,Khunti,3335,3834,530299,227503,107053,367,354,2,0,0,7820,96,7724,0,0,"29-07-2020 00:00",3852,0,0,0,0,0,0,0,0,0.0073,"Very Low"
JH,Koderma,3393,11488,717169,363078,140609,235,45,0,0,0,12872,136,12736,0,0,0,0,0,0,0,0,0,0,0,0,0.0000,"Very Low"
JH,Latehar,9565,7719,725673,294989,84919,773,1158,0,0,0,7871,57,7814,0,0,0,0,0,0,0,0,0,0,0,0,0.0000,"Very Low"
JH,Lohardaga,3444,3563,461738,173109,63130,166,188,0,0,2,6709,88,6621,0,0,"25-07-2020 00:00",7526,0,0,0,0,0,0,0,0,0.0163,"Very Low"
JH,Pakur,9945,9107,899200,378048,108941,2636,3009,1,0,0,2552,12,2539,0,0,"23-07-2020 00:00",6429,0,0,0,0,0,0,0,0,0.0071,"Very Low"
JH,Palamu,21657,37375,1936319,788026,311074,6713,5270,0,0,0,12294,110,12184,0,0,0,0,0,0,0,0,0,0,0,0,0.0000,"Very Low"
JH,Ramgarh,5306,10927,949159,522017,185442,944,645,1,7,0,13923,197,13714,0,0,0,0,0,0,0,0,0,0,0,0,0.0000,"Very Low"
JH,Ranchi,35099,38856,2912022,1512114,656001,4594,4743,52,182,228,86116,1585,84495,10,2,0,0,0,0,0,0,0,0,0,0,0.0000,"Very Low"
JH,Sahibganj,10449,13687,1150038,430948,132560,947,1336,0,0,0,4834,42,4792,0,0,"23-07-2020 00:00",5029,0,0,0,0,0,0,0,0,0.0044,"Very Low"
JH,Saraikela-Kharsawan,11215,12399,1063458,505417,167980,490,682,0,0,0,7207,67,7137,0,0,"13-12-2020 00:00",161796,0,0,0,0,0,0,0,0,0.1521,"Category B"
JH,Simdega,1694,4126,599813,277357,112059,189,67,0,0,0,7193,92,7101,0,0,0,0,0,0,0,0,0,0,0,0,0.0000,"Very Low"
JH,Unknown,0,0,0,0,0,0,0,0,-166,-70,0,0,0,0,0,0,0,0,0,0,0,0,0,0,0,NULL,"Very Low"
JH,"West Singhbhum",12587,16980,1501619,630437,225607,962,895,3,5,5,13054,133,12918,0,0,0,0,0,0,0,0,0,0,0,0,0.0000,"Very Low"
JK,Anantnag,1472,30949,1070144,759605,402717,4677,69,19,10,12,16603,205,16378,2,2,0,0,0,0,0,0,0,0,0,0,0.0000,"Very Low"
JK,Bandipora,349,6835,385099,303665,154345,639,12,16,13,19,9814,102,9693,1,0,0,0,0,0,0,0,0,0,0,0,0.0000,"Very Low"
JK,Baramulla,1665,29357,1015503,776258,450002,2327,42,57,96,64,24613,282,24196,10,6,0,0,0,0,0,0,0,0,0,0,0.0000,"Very Low"
JK,Budgam,1409,22456,735753,592075,319587,2657,113,48,63,53,23844,207,23548,10,10,0,0,0,0,0,0,0,0,0,0,0.0000,"Very Low"
JK,Doda,1065,19212,409576,313983,158751,1079,74,26,18,26,7869,133,7704,2,0,0,0,0,0,0,0,0,0,0,0,0.0000,"Very Low"
JK,Ganderbal,370,9271,297003,227349,133812,1116,33,10,31,12,10436,79,10313,7,2,0,0,0,0,0,0,0,0,0,0,0.0000,"Very Low"
JK,Jammu,4121,16781,1526406,1168448,610537,593,86,27,20,37,53324,1145,52145,3,6,0,0,0,0,0,0,0,0,0,0,0.0000,"Very Low"
JK,Kathua,1867,22270,615711,482584,249588,2053,108,1,0,5,9327,152,9175,0,0,0,0,0,1,0,0,0,0,0,0,0.0000,"Very Low"
JK,Kishtwar,3948,3385,230696,164754,78041,320,85,0,1,0,4819,44,4773,0,0,0,0,0,0,0,0,0,0,0,0,0.0000,"Very Low"
JK,Kulgam,632,20244,422786,401091,202260,1610,39,1,2,5,11489,117,11367,1,2,0,0,0,0,0,0,0,0,0,0,0.0000,"Very Low"
JK,Kupwara,3959,42820,875564,673594,348327,8743,165,32,25,25,14463,166,14268,5,4,0,0,0,0,0,0,0,0,0,0,0.0000,"Very Low"
JK,Pulwama,1021,16829,570060,430622,244300,1414,24,8,5,5,15512,194,15309,4,0,"01-01-2021 00:00",139552,0,0,0,0,0,0,0,0,0.2448,"Category B"
JK,Punch,695,27765,476820,386098,234540,3190,45,13,7,14,6482,98,6371,0,0,0,0,0,0,0,0,0,0,0,0,0.0000,"Very Low"
JK,Rajouri,1247,9544,619266,498787,241407,752,56,8,4,7,11272,237,11031,0,0,0,0,0,0,0,0,0,0,0,0,0.0000,"Very Low"
JK,Ramban,1498,10369,283313,220690,147086,829,155,0,3,0,6043,67,5971,1,0,0,0,0,0,0,0,0,0,0,0,0.0000,"Very Low"
JK,Reasi,1644,15636,314714,244379,133971,1808,240,13,4,10,6626,43,6575,0,2,0,0,0,0,0,0,0,0,0,0,0.0000,"Very Low"
JK,Samba,1207,6224,318611,280700,122554,468,40,1,0,2,7152,120,7032,0,0,0,0,0,0,0,0,0,0,0,0,0.0000,"Very Low"
JK,Shopiyan,139,7669,265960,203036,95122,302,6,0,0,0,5607,58,5549,0,0,0,0,0,0,0,0,0,0,0,0,0.0000,"Very Low"
JK,Srinagar,2788,80075,1269751,957347,592016,11547,394,247,305,274,75539,846,74242,49,45,0,0,0,2,0,0,0,0,0,0,0.0000,"Very Low"
JK,Udhampur,2420,14763,555357,425945,227785,700,76,2,4,2,11415,137,11275,0,0,0,0,0,0,0,0,0,0,0,0,0.0000,"Very Low"
KA,Bagalkote,57683,22844,1890826,1188016,613422,98,823,1,0,0,35178,333,34843,0,0,"23-08-2020 00:00",49851,0,0,0,0,0,0,0,0,0.0264,"Very Low"
KA,Ballari,54006,84805,2532383,1758198,864065,483,2415,9,9,14,97763,1689,95961,0,2,"28-12-2020 00:00",402407,0,0,0,0,0,0,0,0,0.1589,"Category B"
KA,Belagavi,39701,98350,4778439,3165252,1386668,825,427,31,20,21,79900,938,78879,6,1,"02-01-2021 00:00",396565,0,1,0,0,0,0,0,0,0.0830,"Category A"
KA,"Bengaluru Rural",5196,22700,987257,700825,385704,994,118,40,23,27,62005,890,61073,3,3,"31-01-2021 00:00",240277,0,2,0,0,0,0,0,0,0.2434,"Category B"
KA,"Bengaluru Urban",48836,247281,9588910,9219875,5903791,11462,2109,1105,1165,1093,1251872,16281,1229059,137,204,"31-01-2021 00:00",6883888,7,37,1,0,0,0,0,0,0.7179,"Category D"
KA,Bidar,13739,30558,1700018,929776,515993,740,408,7,0,5,24340,400,23936,0,0,"29-08-2020 00:00",67689,0,0,4,0,0,0,0,0,0.0398,"Very Low"
KA,Chamarajanagara,2102,36658,1020962,647951,351940,399,25,14,6,15,33001,500,32469,0,4,"28-06-2020 00:00",5156,0,0,11,0,0,0,0,0,0.0051,"Very Low"
KA,Chikkaballapura,4700,19860,1254377,852473,497674,22,16,6,11,8,43951,429,43501,2,0,"28-06-2020 00:00",15089,1,3,1,0,0,0,0,0,0.0120,"Very Low"
KA,Chikkamagaluru,4830,13010,1137753,737417,346002,29,14,46,28,93,51126,395,50662,3,4,"28-06-2020 00:00",5467,0,0,0,0,0,0,0,0,0.0048,"Very Low"
KA,Chitradurga,45062,47252,1660378,1020280,618156,1956,2340,9,17,12,36666,206,36412,3,3,"28-06-2020 00:00",4393,0,0,0,0,0,0,0,0,0.0026,"Very Low"
KA,"Dakshina Kannada",5124,38765,2083625,1531107,848253,858,139,232,192,193,115478,1680,113515,24,20,"17-09-2020 00:00",131281,0,9,7,0,0,0,0,0,0.0630,"Category A"
KA,Davanagere,7079,28149,1946905,1016827,495371,33,16,9,10,11,50989,608,50359,2,1,"28-06-2020 00:00",17483,0,1,0,0,0,0,0,0,0.0090,"Very Low"
KA,Dharwad,24515,35313,1846993,1212295,561504,323,459,15,4,10,60970,1315,59639,0,3,"13-10-2020 00:00",137696,1,3,2,0,0,0,0,0,0.0746,"Category A"
KA,Gadag,12373,16257,1065235,691646,328477,167,1176,1,0,0,26066,319,25747,0,0,"28-06-2020 00:00",8904,0,0,0,0,0,0,0,0,0.0084,"Very Low"
KA,Hassan,5434,26697,1776221,1224599,614828,123,37,144,147,125,111785,1256,110294,26,28,"28-06-2020 00:00",10800,0,5,2,0,0,0,0,0,0.0061,"Very Low"
KA,Haveri,8794,36386,1598506,999178,383705,7,2,3,1,2,21947,644,21301,1,1,"28-06-2020 00:00",11714,0,1,0,0,0,0,0,0,0.0073,"Very Low"
KA,Kalaburagi,35135,44220,2564892,1323039,641641,1001,1631,2,9,5,61926,819,61087,3,0,"30-01-2021 00:00",409596,0,0,0,0,0,0,0,0,0.1597,"Category B"
KA,Kodagu,1558,12680,554762,385482,212033,202,26,79,112,67,37095,329,36616,11,7,"31-01-2021 00:00",143982,0,0,1,0,0,0,0,0,0.2595,"Category B"
KA,Kolar,13745,34211,1540231,991957,625918,1088,748,38,18,31,46916,638,46266,2,5,"14-10-2020 00:00",91924,0,3,0,0,0,0,0,0,0.0597,"Category A"
KA,Koppal,16045,33794,1391292,814373,411092,321,116,2,1,5,35198,521,34660,0,0,"28-06-2020 00:00",8708,0,0,0,0,0,0,0,0,0.0063,"Very Low"
KA,Mandya,5411,28944,1808680,1189318,659066,123,8,59,48,36,73753,650,73029,8,2,"28-06-2020 00:00",14874,0,0,0,0,0,0,0,0,0.0082,"Very Low"
KA,Mysuru,46664,111457,2994744,2141764,1239770,1258,798,252,234,247,179167,2416,176447,33,34,"31-08-2020 00:00",107338,2,7,0,0,0,0,0,0,0.0358,"Very Low"
KA,"Other State",0,0,0,0,0,0,0,0,0,0,36,3,33,0,0,0,0,0,0,0,0,0,0,0,0,NULL,"Very Low"
KA,Raichur,19900,34897,1924773,1021603,448501,433,151,7,1,4,39973,331,39641,0,1,"28-06-2020 00:00",21011,0,0,0,0,0,0,0,0,0.0109,"Very Low"
KA,Ramanagara,6303,28767,1082739,754463,469335,61,11,12,8,10,24204,320,23869,0,0,"25-11-2020 00:00",103399,0,2,0,0,0,0,0,0,0.0955,"Category A"
KA,Shivamogga,23220,47086,1755512,1162073,535447,957,417,38,30,66,69444,1088,68239,3,0,"21-08-2020 00:00",48760,0,0,0,0,0,0,0,0,0.0278,"Very Low"
KA,Tumakuru,31038,66650,2681449,1672730,881580,3742,1842,103,136,112,120836,1127,119420,17,12,"24-09-2020 00:00",106564,0,1,0,0,0,0,0,0,0.0397,"Very Low"
KA,Udupi,2422,27889,1177908,919074,529427,137,16,91,49,75,76718,489,76181,2,6,"13-09-2020 00:00",86092,0,0,0,0,0,0,0,0,0.0731,"Category A"
KA,"Uttara Kannada",3955,32067,1353299,980496,505589,155,11,65,66,48,56218,766,55339,6,4,"28-06-2020 00:00",13833,0,0,0,0,0,0,0,0,0.0102,"Very Low"
KA,Vijayapura,59571,50033,2175102,1535235,634270,583,340,11,2,2,36267,495,35764,0,0,"28-06-2020 00:00",25108,0,0,0,0,0,0,0,0,0.0115,"Very Low"
KA,Yadgir,18060,15460,1172985,708887,348094,62,108,1,0,2,27545,207,27337,0,0,"31-01-2021 00:00",221485,0,0,0,0,0,0,0,0,0.1888,"Category B"
KL,Alappuzha,5337,51712,2121943,1518055,855411,502,65,3016,2035,2526,316160,1862,313515,270,455,0,0,1,228,40,0,0,0,0,0,0.0000,"Very Low"
KL,Ernakulam,13018,91762,3279860,2953482,1759232,1977,573,8747,7647,8539,602800,3555,583842,1046,918,0,0,11,742,70,0,0,0,0,0,0.0000,"Very Low"
KL,Idukki,2211,27218,1107453,859116,481911,208,26,3256,2876,1866,147118,519,140292,550,195,"01-01-2021 00:00",237691,1,71,9,0,0,0,0,0,0.2146,"Category B"
KL,Kannur,7636,71089,2525637,1891004,959656,325,38,3456,2611,3143,275264,2325,269475,304,451,"01-01-2021 00:00",392136,0,301,53,0,0,0,0,0,0.1553,"Category B"
KL,Kasaragod,4942,24290,1302600,910194,521754,1861,389,1156,1054,1082,138815,617,134824,137,147,0,0,0,31,17,0,0,0,0,0,0.0000,"Very Low"
KL,Kollam,7368,62100,2629703,1951077,1047951,215,13,3991,4753,6283,390872,2451,383923,592,848,0,0,0,161,57,0,0,0,0,0,0.0000,"Very Low"
KL,Kottayam,5298,58083,1979384,1477425,841596,125,11,4644,4187,1611,322484,1356,315759,506,155,0,0,5,101,18,0,0,0,0,0,0.0000,"Very Low"
KL,Kozhikode,11449,57479,3089543,2341296,1154561,449,55,5631,5386,5059,527346,3374,519030,742,760,"01-01-2021 00:00",955060,23,513,44,0,0,0,0,0,0.3091,"Category C"
KL,Malappuram,20840,52896,4110956,2833303,1103557,523,152,3497,2634,2929,567584,2576,562111,334,560,"30-12-2020 00:00",469850,48,108,32,0,0,0,0,0,0.1143,"Category B"
KL,Palakkad,8712,57261,2810892,1989222,950909,397,37,3177,2560,2544,373839,2881,364351,339,423,"19-10-2020 00:00",226562,16,175,24,0,0,0,0,0,0.0806,"Category A"
KL,Pathanamthitta,2637,29343,1195537,1048352,677224,1275,149,2683,2953,2635,193406,1076,184979,447,406,"01-01-2021 00:00",306034,2,122,11,0,0,0,0,0,0.2560,"Category B"
KL,Thiruvananthapuram,9284,89297,3307284,2578575,1562343,2986,418,7626,7056,4851,463977,4996,448304,878,754,"23-10-2020 00:00",436661,1,118,114,0,0,0,0,0,0.1320,"Category B"
KL,Thrissur,8853,87643,3110327,2295947,1305873,977,107,6874,5751,3647,523260,3575,515481,753,38,"01-01-2021 00:00",639055,59,388,26,0,0,0,0,0,0.2055,"Category B"
KL,Wayanad,2223,32359,816558,659451,436359,243,12,1767,1823,1691,125732,518,121295,269,329,"01-01-2021 00:00",211953,0,30,14,0,0,0,0,0,0.2596,"Category B"
LA,Kargil,205,748,143000,87221,64300,3,0,0,4,0,3619,58,3556,0,0,"14-01-2021 00:00",37471,0,0,0,0,0,0,0,0,0.2620,"Category B"
LA,Leh,320,785,147000,121577,87980,0,0,26,54,28,17343,150,17131,11,9,"14-01-2021 00:00",72597,0,0,0,0,0,0,0,0,0.4939,"Category C"
MH,Ahmednagar,44180,28319,4543083,2468837,881402,661,535,2120,866,728,339457,7043,330122,138,11,"19-07-2020 00:00",11077,2,26,1,0,0,0,0,0,0.0024,"Very Low"
MH,Akola,26579,10081,1818617,760099,357931,200,576,7,3,7,58764,1425,57318,0,1,0,0,0,0,4,0,0,0,0,0,0.0000,"Very Low"
MH,Amravati,29961,21747,2887826,1241168,548807,66,112,2,3,0,96231,1594,94618,1,0,0,0,0,0,2,0,0,0,0,0,0.0000,"Very Low"
MH,Aurangabad,46323,34109,3695928,1772420,723304,246,759,140,156,157,155331,4251,150615,27,0,"30-05-2020 00:00",11800,0,1,14,0,0,0,0,0,0.0032,"Very Low"
MH,Beed,34333,24584,2585962,1145382,485615,473,411,123,69,35,103749,2806,100803,12,7,"11-10-2020 00:00",111488,0,5,7,0,0,0,0,0,0.0431,"Very Low"
MH,Bhandara,5080,16415,1198810,825867,421585,13,7,0,0,1,60080,1123,58945,0,0,"11-10-2020 00:00",54195,0,0,10,0,0,0,0,0,0.0452,"Very Low"
MH,Buldhana,34272,24089,2588039,1136679,512944,153,402,15,16,16,85520,797,84710,3,1,"30-01-2021 00:00",115874,0,1,6,0,0,0,0,0,0.0448,"Very Low"
MH,Chandrapur,22248,18994,2194262,1335017,458690,24,54,14,7,0,88968,1560,87387,2,0,"30-01-2021 00:00",199809,0,0,4,0,0,0,0,0,0.0911,"Category A"
MH,Dhule,23261,19364,2048781,1007007,476051,230,121,4,5,4,46172,654,45501,0,0,"11-10-2020 00:00",90092,0,0,11,0,0,0,0,0,0.0440,"Very Low"
MH,Gadchiroli,14790,10994,1071795,540319,231208,255,424,4,2,5,30440,669,29735,0,0,"23-07-2020 00:00",11993,0,0,33,0,0,0,0,0,0.0112,"Very Low"
MH,Gondia,8593,23092,1322331,888961,469980,45,32,0,2,3,40519,569,39941,0,0,"29-01-2021 00:00",130146,0,0,7,0,0,0,0,0,0.0984,"Category A"
MH,Hingoli,42054,16145,1178973,537442,201000,166,459,7,0,3,18475,506,17949,0,0,"03-08-2020 00:00",6797,0,0,1,0,0,0,0,0,0.0058,"Very Low"
MH,Jalgaon,37870,21599,4224442,2085101,699544,19,6,11,4,11,139934,2714,137178,0,2,"30-01-2021 00:00",429198,0,0,32,0,0,0,0,0,0.1016,"Category B"
MH,Jalna,112537,35713,1958483,1081253,413822,16,121,44,15,47,60615,1209,59382,0,0,"30-01-2021 00:00",117047,0,0,1,0,0,0,0,0,0.0598,"Category A"
MH,Kolhapur,19104,23088,3874015,2536731,1043329,337,152,74,55,115,206671,5847,200699,12,5,0,0,0,2,5,0,0,0,0,0,0.0000,"Very Low"
MH,Latur,82644,33519,2455543,1182476,507616,1424,4676,47,39,0,92133,2437,89608,5,0,0,0,1,3,6,0,0,0,0,0,0.0000,"Very Low"
MH,Mumbai,98915,219736,12442373,9115615,5564204,2540,2725,3019,2242,2604,756749,16247,733318,308,429,"29-01-2021 00:00",2789713,3,34,2512,0,0,0,7,0,0.2242,"Category B"
MH,Nagpur,58567,71818,4653171,3006439,1460890,3360,3039,20,35,43,493607,9128,484334,4,5,"18-10-2020 00:00",382083,0,0,71,0,0,0,0,0,0.0821,"Category A"
MH,Nanded,144423,41697,3356566,1560558,560812,2618,8820,15,28,22,90409,2658,87721,2,3,"03-11-2020 00:00",117319,0,0,6,0,0,0,0,0,0.0350,"Very Low"
MH,Nandurbar,19572,12517,1646177,723850,342054,178,738,0,2,1,40006,948,39054,0,0,"12-12-2020 00:00",37740,0,0,3,0,0,0,0,0,0.0229,"Very Low"
MH,Nashik,143768,58112,6109052,3471046,1299122,473,2116,585,456,519,410681,8679,401418,60,32,"30-01-2021 00:00",498397,3,12,1,0,0,0,0,0,0.0816,"Category A"
MH,Osmanabad,44954,11658,1660311,803192,308210,1039,5549,197,89,154,67828,1963,65577,16,3,"07-01-2021 00:00",109450,0,1,114,0,0,0,0,0,0.0659,"Category A"
MH,"Other State",0,0,0,0,0,0,0,0,0,0,144,111,31,0,0,0,0,0,0,2,0,0,0,0,0,NULL,"Very Low"
MH,Palghar,32112,39231,2990116,1869199,678741,1749,863,310,204,326,138013,3282,134309,28,6,"30-01-2021 00:00",319724,0,0,14,0,0,0,0,0,0.1069,"Category B"
MH,Parbhani,44477,20480,1835982,905874,378183,1361,4016,12,13,9,52362,1233,51078,0,1,"30-01-2021 00:00",110937,0,1,19,0,0,0,0,0,0.0604,"Category A"
MH,Pune,85256,136336,9426959,7843130,4264808,4885,2900,2964,1536,5294,1154776,19594,1131401,245,300,"12-01-2021 00:00",97127,0,20,349,0,0,0,0,0,0.0103,"Very Low"
MH,Raigad,21737,31684,2635394,1859507,774913,1214,326,594,267,359,195958,4551,190759,26,34,"28-01-2021 00:00",304088,0,10,7,0,0,0,0,0,0.1154,"Category B"
MH,Ratnagiri,10880,7924,1612672,920151,388703,224,83,192,91,160,78950,2478,76292,8,14,0,0,0,4,5,0,0,0,0,0,0.0000,"Very Low"
MH,Sangli,11974,19041,2820575,1810980,802877,120,128,380,155,375,209771,5613,203673,19,0,0,0,0,4,9,0,0,0,0,0,0.0000,"Very Low"
MH,Satara,16690,30950,3003922,1963730,865197,298,225,508,157,501,250414,6428,243482,35,4,"30-01-2021 00:00",312742,1,17,31,0,0,0,0,0,0.1041,"Category B"
MH,Sindhudurg,3915,5195,848868,524896,279051,1,-1,258,91,259,52783,1434,50987,12,6,0,0,0,4,15,0,0,0,0,0,0.0000,"Very Low"
MH,Solapur,77398,34204,4315527,2242339,690069,1381,5956,519,253,370,210466,5551,204364,51,7,"30-01-2021 00:00",629266,4,11,110,0,0,0,0,0,0.1458,"Category B"
MH,Thane,108643,120708,11060148,5484839,2751182,5578,3664,1629,1241,3002,610128,11462,597141,153,525,"04-11-2020 00:00",1229625,6,44,35,0,0,0,0,0,0.1112,"Category B"
MH,Wardha,16481,14040,1296157,755863,314899,65,18,4,5,4,57344,1217,55956,2,2,"31-10-2020 00:00",52365,0,0,165,0,0,0,0,0,0.0404,"Very Low"
MH,Washim,30932,19238,1196714,579042,321710,516,1016,5,4,5,41663,637,41020,1,0,0,0,0,0,3,0,0,0,0,0,0.0000,"Very Low"
MH,Yavatmal,56233,26091,2775457,1211321,496306,697,2588,2,6,7,75967,1798,74159,2,1,"29-01-2021 00:00",141551,0,0,4,0,0,0,0,0,0.0510,"Category A"
ML,"East Garo Hills",482,1424,317618,47655,20648,0,0,1,5,2,1867,13,1844,0,1,0,0,0,0,0,0,0,0,0,0,0.0000,"Very Low"
ML,"East Jaintia Hills",483,2964,122436,64432,33259,0,0,8,2,3,2430,31,2395,0,0,0,0,0,0,0,0,0,0,0,0,0.0000,"Very Low"
ML,"East Khasi Hills",1847,10698,824059,318381,225526,17,0,348,171,286,41025,987,39754,14,18,0,0,1,2,0,0,0,0,0,0,0.0000,"Very Low"
ML,"North Garo Hills",596,3614,118325,62675,28288,0,0,1,3,2,1685,8,1674,1,0,0,0,0,0,0,0,0,0,0,0,0.0000,"Very Low"
ML,Ribhoi,884,3492,258380,92049,48460,65,15,20,14,23,9697,89,9584,1,3,0,0,0,0,0,0,0,0,0,0,0.0000,"Very Low"
ML,"South Garo Hills",329,1346,142574,40103,18937,67,13,1,0,1,1216,12,1203,0,0,0,0,0,0,0,0,0,0,0,0,0.0000,"Very Low"
ML,"South West Garo Hills",924,4509,172495,73397,39210,0,0,2,3,3,1872,17,1852,0,1,0,0,0,0,0,0,0,0,0,0,0.0000,"Very Low"
ML,"South West Khasi Hills",61,552,110152,33372,17117,0,0,5,6,1,2548,17,2525,0,0,0,0,0,0,0,0,0,0,0,0,0.0000,"Very Low"
ML,"West Garo Hills",1409,8093,642923,209662,119725,32,7,13,8,11,9027,72,8943,3,1,0,0,0,0,0,0,0,0,0,0,0.0000,"Very Low"
ML,"West Jaintia Hills",411,3480,270352,84529,47646,0,0,13,11,31,6803,133,6642,1,0,0,0,0,2,0,0,0,0,0,0,0.0000,"Very Low"
ML,"West Khasi Hills",443,1763,385601,77018,43000,20,1,118,33,97,5457,71,5330,2,27,0,0,0,0,0,0,0,0,0,0,0.0000,"Very Low"
MN,Bishnupur,685,8679,240363,128902,64791,0,0,0,0,0,0,0,0,0,0,0,0,0,0,0,0,0,0,0,0,0.0000,"Very Low"
MN,Chandel,98,1337,144028,26634,15197,134,5,0,0,0,0,0,0,0,0,0,0,0,0,0,0,0,0,0,0,0.0000,"Very Low"
MN,Churachandpur,345,3560,271274,104247,62208,370,27,0,0,0,0,0,0,0,0,"23-09-2020 00:00",13542,0,0,0,0,0,0,0,0,0.0499,"Very Low"
MN,"Imphal East",2402,19169,452661,251626,148953,1268,183,0,0,0,0,0,0,0,0,0,0,0,0,0,0,0,0,0,0,0.0000,"Very Low"
MN,"Imphal West",1861,17353,514683,308782,199404,841,74,0,0,0,0,0,0,0,0,0,0,0,0,0,0,0,0,0,0,0.0000,"Very Low"
MN,Jiribam,70,1927,43818,27911,17262,0,0,0,0,0,0,0,0,0,0,0,0,0,0,0,0,0,0,0,0,0.0000,"Very Low"
MN,Kakching,214,2450,135481,84702,49653,0,0,0,0,0,0,0,0,0,0,0,0,0,0,0,0,0,0,0,0,0.0000,"Very Low"
MN,Kamjong,129,736,45616,10502,5370,371,75,0,0,0,0,0,0,0,0,0,0,0,0,0,0,0,0,0,0,0.0000,"Very Low"
MN,Kangpokpi,291,1472,0,39027,19015,26,73,0,0,0,0,0,0,0,0,0,0,0,0,0,0,0,0,0,0,NULL,"Very Low"
MN,Noney,98,1211,0,16798,9819,388,29,0,0,0,0,0,0,0,0,0,0,0,0,0,0,0,0,0,0,NULL,"Very Low"
MN,Pherzawl,55,711,47250,12417,9888,52,0,0,0,0,0,0,0,0,0,0,0,0,0,0,0,0,0,0,0,0.0000,"Very Low"
MN,Senapati,425,1940,354772,28247,18288,291,105,0,0,0,0,0,0,0,0,0,0,0,0,0,0,0,0,0,0,0.0000,"Very Low"
MN,Tamenglong,174,1204,140143,19931,10361,76,53,0,0,0,0,0,0,0,0,0,0,0,0,0,0,0,0,0,0,0.0000,"Very Low"
MN,Tengnoupal,93,1176,0,26209,12163,183,14,0,0,0,0,0,0,0,0,0,0,0,0,0,0,0,0,0,0,NULL,"Very Low"
MN,Thoubal,378,6574,420517,141308,62279,22,1,0,0,0,0,0,0,0,0,0,0,0,0,0,0,0,0,0,0,0.0000,"Very Low"
MN,Ukhrul,362,1775,183115,22193,14759,258,66,0,0,0,0,0,0,0,0,0,0,0,0,0,0,0,0,0,0,0.0000,"Very Low"
MN,Unknown,0,0,0,0,0,0,0,734,439,652,123731,1921,121102,63,62,0,0,1,10,0,0,0,0,0,0,NULL,"Very Low"
MP,"Agar Malwa",965,16911,0,424846,128822,107,12,0,0,0,3303,68,3235,0,0,0,0,0,0,0,0,0,0,0,0,NULL,"Very Low"
MP,Alirajpur,921,8076,728677,369571,114601,40,10,0,0,0,3505,48,3453,0,0,0,0,0,0,0,0,0,0,0,0,0.0000,"Very Low"
MP,Anuppur,995,18360,749521,481238,164712,1328,73,0,0,0,9238,89,9140,0,0,"19-09-2020 00:00",3424,0,0,0,0,0,0,0,0,0.0046,"Very Low"
MP,Ashoknagar,1258,17334,844979,550087,186066,131,10,0,0,0,3670,57,3613,0,0,"31-01-2021 00:00",55792,0,0,0,0,0,0,0,0,0.0660,"Category A"
MP,Balaghat,15838,71692,1701156,1278183,549643,342,25,0,2,0,9100,64,9017,2,0,"19-08-2020 00:00",9654,0,0,0,0,0,0,0,0,0.0057,"Very Low"
MP,Barwani,1615,16619,1385659,788872,225336,542,76,0,0,0,8366,90,8267,0,0,"19-11-2020 00:00",41588,0,0,0,0,0,0,0,0,0.0300,"Very Low"
MP,Betul,2361,31953,1575247,1042931,343674,547,22,1,1,0,12905,277,12590,0,0,"31-01-2021 00:00",68036,0,0,0,0,0,0,0,0,0.0432,"Very Low"
MP,Bhind,1525,30042,1703562,1034374,351065,1176,29,1,0,0,2995,32,2960,0,0,"16-11-2020 00:00",44395,0,0,0,0,0,0,0,0,0.0261,"Very Low"
MP,Bhopal,4130,38750,2368145,2012966,1168682,646,66,27,38,0,123552,972,122121,2,0,"19-09-2020 00:00",245166,0,0,0,0,0,0,0,0,0.1035,"Category B"
MP,Burhanpur,762,6561,756993,493618,220909,138,49,0,0,0,2568,39,2529,0,0,"18-08-2020 00:00",13040,0,0,0,0,0,0,0,0,0.0172,"Very Low"
MP,Chhatarpur,3103,27937,1762857,1093616,336309,1310,56,1,0,0,7609,91,7506,0,0,"09-12-2020 00:00",50518,0,0,0,0,0,0,0,0,0.0287,"Very Low"
MP,Chhindwara,4654,93453,2090306,1624355,591843,261,18,0,2,0,6734,120,6612,0,0,"31-01-2021 00:00",79090,0,0,0,0,0,0,0,0,0.0378,"Very Low"
MP,Damoh,4298,52314,1263703,844557,326505,982,39,0,0,0,8120,186,7841,0,0,"19-09-2020 00:00",16564,0,0,0,0,0,0,0,0,0.0131,"Very Low"
MP,Datia,1963,45226,786375,560238,296233,10316,521,0,0,0,6959,78,6874,0,0,"04-12-2020 00:00",40322,0,0,0,0,0,0,0,0,0.0513,"Category A"
MP,Dewas,1804,22992,1563107,1005266,477219,386,11,0,0,0,7723,51,7672,0,0,"31-01-2021 00:00",96155,0,0,0,0,0,0,0,0,0.0615,"Category A"
MP,Dhar,5034,83699,2184672,1371226,536214,306,39,6,7,0,12572,130,12388,1,0,"02-12-2020 00:00",62597,0,0,0,0,0,0,0,0,0.0287,"Very Low"
MP,Dindori,1342,21481,704218,481366,186341,96,4,0,0,0,4623,29,4588,0,0,"08-07-2020 00:00",3557,0,0,0,0,0,0,0,0,0.0051,"Very Low"
MP,Guna,3347,32837,1240938,821399,284155,5023,630,0,0,0,5132,44,5085,0,0,"04-12-2020 00:00",40229,0,0,0,0,0,0,0,0,0.0324,"Very Low"
MP,Gwalior,8800,41193,2030543,1452149,730150,1715,531,0,2,0,53106,633,52427,0,0,"04-12-2020 00:00",206696,0,0,0,0,0,0,0,0,0.1018,"Category B"
MP,Harda,1075,24810,570302,394641,159293,210,14,0,0,0,5055,96,4954,0,0,"02-12-2020 00:00",36708,0,0,0,0,0,0,0,0,0.0644,"Category A"
MP,Hoshangabad,1498,39507,1240975,865566,369945,206,10,0,0,0,10688,99,10570,0,0,"04-12-2020 00:00",46294,0,0,0,0,0,0,0,0,0.0373,"Very Low"
MP,Indore,4233,45203,3272335,2951024,1728945,894,76,8,39,0,153230,1391,151410,8,0,"31-01-2021 00:00",780266,0,0,0,0,0,0,0,0,0.2384,"Category B"
MP,Jabalpur,5968,156306,2460714,1957070,1099359,19681,726,2,3,0,50779,670,49896,0,0,"01-02-2021 00:00",293923,0,0,0,0,0,0,0,0,0.1194,"Category B"
MP,Jhabua,3578,21040,1024091,607542,185320,222,50,1,1,0,7691,64,7619,0,0,"04-12-2020 00:00",52146,0,0,0,0,0,0,0,0,0.0509,"Category A"
MP,Katni,2926,42360,1291684,865274,306259,879,57,0,0,0,9366,120,9242,0,0,"18-12-2020 00:00",56828,0,0,0,0,0,0,0,0,0.0440,"Very Low"
MP,Khandwa,880,13668,1309443,862885,310248,0,0,0,0,0,4044,94,3946,0,0,"24-08-2020 00:00",17090,0,0,0,0,0,0,0,0,0.0131,"Very Low"
MP,Khargone,3049,32932,1872413,1147444,411114,5304,922,0,0,0,13970,239,13716,0,0,"19-09-2020 00:00",38413,0,0,0,0,0,0,0,0,0.0205,"Very Low"
MP,Mandla,2286,53670,1053522,684882,246724,72,6,0,0,0,5188,25,5159,0,0,0,0,0,0,0,0,0,0,0,0,0.0000,"Very Low"
MP,Mandsaur,2058,37337,1339832,948065,330902,130,4,0,0,0,8637,84,8552,0,0,"04-12-2020 00:00",52733,0,0,0,0,0,0,0,0,0.0394,"Very Low"
MP,Morena,2814,112629,1965137,1295658,582833,1667,50,0,0,0,8236,95,8135,0,0,"01-02-2021 00:00",90967,0,0,0,0,0,0,0,0,0.0463,"Very Low"
MP,Narsinghpur,1266,34365,1092141,803225,318284,224,10,1,5,0,11209,81,11115,0,0,"30-01-2021 00:00",90600,0,0,0,0,0,0,0,0,0.0830,"Category A"
MP,Neemuch,970,17955,825958,579489,229183,359,16,0,0,0,7926,84,7828,0,0,"04-12-2020 00:00",57292,0,0,0,0,0,0,0,0,0.0694,"Category A"
MP,Niwari,0,0,0,0,0,0,0,0,0,0,3715,48,3654,0,0,"29-11-2020 00:00",22574,0,0,0,0,0,0,0,0,NULL,"Very Low"
MP,Panna,2633,18657,1016028,600823,168120,985,144,0,0,0,7331,63,7250,0,0,0,0,0,0,0,0,0,0,0,0,0.0000,"Very Low"
MP,Raigarh,0,0,0,0,0,0,0,0,0,0,1,0,0,0,0,0,0,0,0,0,0,0,0,0,0,NULL,"Very Low"
MP,Raisen,1644,22044,1331699,885585,333022,222,39,0,0,0,9238,194,9030,0,0,"29-11-2020 00:00",44343,0,0,0,0,0,0,0,0,0.0333,"Very Low"
MP,Rajgarh,2483,41531,1546541,1025584,450099,144,10,7,1,0,8729,172,8490,1,0,"04-12-2020 00:00",46604,0,0,0,0,0,0,0,0,0.0301,"Very Low"
MP,Ratlam,1894,51080,1454483,1026416,457972,251,14,0,0,0,17860,385,17438,0,0,"29-11-2020 00:00",51736,0,0,0,0,0,0,0,0,0.0356,"Very Low"
MP,Rewa,6664,104963,2363744,1639826,674779,1574,85,0,0,0,16433,155,16270,0,0,"18-08-2020 00:00",22690,0,0,0,0,0,0,0,0,0.0096,"Very Low"
MP,Sagar,6321,60800,2378295,1563245,760746,343,23,6,2,0,16622,390,16154,2,0,"19-09-2020 00:00",64801,0,0,0,0,0,0,0,0,0.0272,"Very Low"
MP,Satna,3426,40519,2228619,1532585,481540,303,37,0,0,0,11965,133,11829,0,0,"19-09-2020 00:00",28159,0,0,0,0,0,0,0,0,0.0126,"Very Low"
MP,Sehore,2325,32101,1311008,909045,396375,256,5,0,0,0,10136,73,10057,0,0,"29-11-2020 00:00",45061,0,0,0,0,0,0,0,0,0.0344,"Very Low"
MP,Seoni,2162,38081,1378876,945564,341871,402,15,0,0,0,6775,28,6739,0,0,"19-09-2020 00:00",15024,0,0,0,0,0,0,0,0,0.0109,"Very Low"
MP,Shahdol,857,22928,1064989,723227,337272,426,20,0,0,0,10085,118,9958,0,0,"19-09-2020 00:00",18177,0,0,0,0,0,0,0,0,0.0171,"Very Low"
MP,Shajapur,1971,51596,1512353,620316,278912,851,43,0,0,0,6349,74,6273,0,0,"01-02-2021 00:00",56805,0,0,0,0,0,0,0,0,0.0376,"Very Low"
MP,Sheopur,1338,16952,687952,413195,140296,1788,236,0,0,0,4000,78,3919,0,0,"29-11-2020 00:00",31449,0,0,0,0,0,0,0,0,0.0457,"Very Low"
MP,Shivpuri,3082,38901,1725818,1109976,391707,13988,883,0,0,0,12398,125,12261,0,0,"19-11-2020 00:00",47270,0,0,0,0,0,0,0,0,0.0274,"Very Low"
MP,Sidhi,1867,19145,1126515,679862,226632,512,58,0,0,0,9219,87,9132,0,0,"26-07-2020 00:00",4660,0,0,0,0,0,0,0,0,0.0041,"Very Low"
MP,Singrauli,3052,21200,1178132,740335,224966,305,43,0,1,0,8801,82,8706,0,0,0,0,0,0,0,0,0,0,0,0,0.0000,"Very Low"
MP,Tikamgarh,3331,24497,1444920,919592,293885,297,60,0,0,0,6863,114,6742,0,0,"29-11-2020 00:00",43011,0,0,0,0,0,0,0,0,0.0298,"Very Low"
MP,Ujjain,4210,65566,1986864,1452247,836514,1323,27,1,1,0,18903,172,18720,0,0,"19-09-2020 00:00",31631,0,0,0,0,0,0,0,0,0.0159,"Very Low"
MP,Umaria,955,28084,643579,455492,196492,93,9,0,0,0,6294,63,6224,0,0,"19-11-2020 00:00",54811,0,0,0,0,0,0,0,0,0.0852,"Category A"
MP,Unknown,0,0,0,0,0,0,0,0,0,74,1416,1493,1632,0,8,0,0,0,1,0,0,0,0,0,0,NULL,"Very Low"
MP,Vidisha,1222,26130,1458212,975291,349024,253,11,1,0,0,11922,237,11677,0,0,"04-12-2020 00:00",65935,0,0,0,0,0,0,0,0,0.0452,"Very Low"
MZ,Aizawl,443,3740,404054,315706,239593,0,0,3869,1996,3014,75111,300,71337,361,365,0,0,1,6,0,0,0,0,0,0,0.0000,"Very Low"
MZ,Champhai,344,572,125370,74122,55251,0,0,407,299,319,5188,11,4745,33,40,0,0,0,3,0,0,0,0,0,0,0.0000,"Very Low"
MZ,Hnahthial,0,0,0,0,0,0,0,136,143,185,1020,3,857,1,29,0,0,0,0,0,0,0,0,0,0,NULL,"Very Low"
MZ,Khawzawl,0,0,0,0,0,0,0,33,42,26,733,0,688,2,0,0,0,0,0,0,0,0,0,0,0,NULL,"Very Low"
MZ,Kolasib,153,738,83054,50525,33101,0,0,165,94,154,7721,30,7561,10,2,0,0,0,0,0,0,0,0,0,0,0.0000,"Very Low"
MZ,Lawngtlai,2765,1838,117444,55877,25870,0,129,274,98,245,6740,23,6553,14,13,0,0,0,1,0,0,0,0,0,0,0.0000,"Very Low"
MZ,Lunglei,263,1493,154094,95129,73298,0,0,642,662,507,9842,27,9053,71,36,0,0,0,1,0,0,0,0,0,0,0.0000,"Very Low"
MZ,Mamit,228,1322,85757,43678,28873,0,0,308,241,265,4854,12,4448,19,0,0,0,0,5,0,0,0,0,0,0,0.0000,"Very Low"
MZ,Saiha,68,1116,56366,34626,19984,39,0,420,107,345,5469,14,5304,0,37,0,0,1,5,0,0,0,0,0,0,0.0000,"Very Low"
MZ,Saitual,0,0,0,0,0,0,0,28,30,53,471,2,420,3,21,0,0,0,0,0,0,0,0,0,0,NULL,"Very Low"
MZ,Serchhip,36,431,64875,41932,36047,0,0,488,386,572,4210,10,3646,65,67,0,0,0,0,0,0,0,0,0,0,0.0000,"Very Low"
NL,Dimapur,2827,12731,379769,268405,175502,2,-1,74,68,73,14684,421,13471,3,13,"11-12-2020 00:00",47020,1,2,689,0,0,0,10,0,0.1238,"Category B"
NL,Kiphire,116,357,74033,13017,8141,124,61,0,2,1,258,9,246,0,0,"11-12-2020 00:00",1002,0,0,1,0,0,0,0,0,0.0135,"Very Low"
NL,Kohima,509,3038,270063,105758,82602,0,0,33,23,24,9461,123,9095,4,0,"11-12-2020 00:00",33986,0,0,202,0,0,0,2,1,0.1258,"Category B"
NL,Longleng,26,181,50593,20577,15446,0,0,8,0,7,307,2,286,0,0,"11-12-2020 00:00",1193,0,0,18,0,0,0,0,0,0.0236,"Very Low"
NL,Mokokchung,146,2026,193171,69198,54730,0,0,7,23,5,2333,54,2186,3,2,"11-12-2020 00:00",3976,0,2,62,0,0,0,0,0,0.0206,"Very Low"
NL,Mon,243,1864,259604,70054,48331,28,20,0,1,0,1159,14,1124,0,0,"11-12-2020 00:00",12278,0,0,17,0,0,0,0,0,0.0473,"Very Low"
NL,Peren,189,613,163294,19956,12514,29,1,5,1,1,920,6,897,0,0,"11-12-2020 00:00",5717,0,0,15,0,0,0,0,0,0.0350,"Very Low"
NL,Phek,99,496,163294,31241,20746,168,21,5,4,1,601,18,568,0,0,"11-12-2020 00:00",2779,0,0,9,0,0,0,1,0,0.0170,"Very Low"
NL,Tuensang,106,525,414801,38130,26725,122,41,28,2,28,1094,12,1077,1,6,"11-12-2020 00:00",4887,0,1,3,0,0,0,0,0,0.0118,"Very Low"
NL,Wokha,122,1074,166239,35138,23577,232,11,2,6,4,402,11,361,0,0,"11-12-2020 00:00",1390,0,0,16,0,0,0,0,0,0.0084,"Very Low"
NL,Zunheboto,331,807,141014,38077,22337,106,36,0,0,0,623,15,593,0,0,"11-12-2020 00:00",2131,0,1,11,0,0,0,0,0,0.0151,"Very Low"
OR,Angul,21629,23378,1271703,786278,291800,38,9,18,16,20,43920,393,43506,1,3,"27-01-2021 00:00",172873,0,2,0,0,0,0,0,0,0.1359,"Category B"
OR,Balangir,20119,39059,1648574,960786,299153,0,0,17,4,15,23397,126,23257,0,0,"11-10-2020 00:00",87867,0,0,0,0,0,0,0,0,0.0533,"Category A"
OR,Balasore,78274,35314,2317419,1351099,534318,519,929,94,67,80,40787,299,40389,5,14,"17-05-2020 00:00",9843,0,1,0,0,0,0,0,0,0.0042,"Very Low"
OR,Bargarh,52192,32028,1478833,829092,283966,30,169,18,18,16,31126,335,30762,0,1,0,0,0,0,0,0,0,0,0,0,0.0000,"Very Low"
OR,Bhadrak,14511,38206,1506522,1026493,367945,17,0,32,44,39,26480,150,26260,3,7,"31-01-2021 00:00",258173,0,1,0,0,0,0,0,0,0.1714,"Category B"
OR,Boudh,7009,16754,439917,259325,92297,1585,496,3,0,4,12634,112,12488,0,0,"17-05-2020 00:00",496,0,0,0,0,0,0,0,0,0.0011,"Very Low"
OR,Cuttack,75381,45717,2618708,1434524,702278,1129,2729,326,277,304,94631,857,93404,54,29,"17-05-2020 00:00",5720,0,1,0,0,0,0,0,0,0.0022,"Very Low"
OR,Deogarh,1126,4779,312164,223405,63727,136,1,4,41,10,6553,50,6460,2,3,"17-05-2020 00:00",682,0,0,0,0,0,0,0,0,0.0022,"Very Low"
OR,Dhenkanal,18302,23327,1192948,738406,282859,104,92,14,25,16,19871,243,19598,5,0,"31-01-2021 00:00",179477,0,0,0,0,0,0,0,0,0.1504,"Category B"
OR,Gajapati,4770,10942,575880,288963,115535,1193,296,11,15,11,9657,84,9555,5,0,"17-05-2020 00:00",715,0,0,0,0,0,0,0,0,0.0012,"Very Low"
OR,Ganjam,27002,112716,3520151,2214981,1698328,1848,438,25,22,18,33849,485,33342,8,2,"31-01-2021 00:00",750442,0,0,0,0,0,0,0,0,0.2132,"Category B"
OR,Jagatsinghpur,28276,25051,1136604,677675,272499,2,-2,72,76,78,27920,316,27510,9,12,"15-09-2020 00:00",46648,0,1,0,0,0,0,0,0,0.0410,"Very Low"
OR,Jajpur,30726,37471,1826275,1087735,383313,9,2,76,75,73,43735,172,43461,9,8,"23-08-2020 00:00",53956,0,0,0,0,0,0,0,0,0.0295,"Very Low"
OR,Jharsuguda,7187,14725,579499,399523,189682,0,0,11,13,10,23863,176,23673,3,0,"17-05-2020 00:00",1663,0,0,0,0,0,0,0,0,0.0029,"Very Low"
OR,Kalahandi,38214,26926,1573054,921185,304778,537,1476,5,15,1,24314,210,24082,2,0,"17-05-2020 00:00",1458,0,0,0,0,0,0,0,0,0.0009,"Very Low"
OR,Kandhamal,12881,12319,731952,384009,150737,529,847,2,0,5,11537,83,11453,0,0,"17-05-2020 00:00",1516,0,0,0,0,0,0,0,0,0.0021,"Very Low"
OR,Kendrapara,28635,34297,1439891,916169,347854,1179,1452,88,62,52,24860,252,24545,8,8,"19-10-2020 00:00",382732,0,1,0,0,0,0,0,0,0.2658,"Category B"
OR,Kendujhar,25529,46488,1802777,1087285,376311,613,483,20,4,3,20980,175,20798,1,2,"01-02-2021 00:00",474504,0,2,0,0,0,0,0,0,0.2632,"Category B"
OR,Khordha,34733,49859,2246341,2063646,1502538,1482,568,1704,1492,1654,175335,1552,171938,250,243,0,0,2,8,0,0,0,0,0,0,0.0000,"Very Low"
OR,Koraput,13011,35701,1376934,860773,399063,2024,935,23,11,20,19137,78,19044,1,2,"17-05-2020 00:00",1401,0,0,0,0,0,0,0,0,0.0010,"Very Low"
OR,Malkangiri,13449,16141,612727,391790,137925,2000,2497,2,2,4,11667,49,11613,0,3,"17-05-2020 00:00",1841,0,0,0,0,0,0,0,0,0.0030,"Very Low"
OR,Mayurbhanj,86170,36315,2513895,1222153,413698,654,2985,129,126,93,40844,286,40416,19,8,"17-05-2020 00:00",3307,1,5,0,0,0,0,0,0,0.0013,"Very Low"
OR,Nabarangapur,13213,18025,1218762,675601,188457,0,0,6,1,2,23549,86,23461,0,0,"25-01-2021 00:00",162154,0,0,0,0,0,0,0,0,0.1330,"Category B"
OR,Nayagarh,7145,22575,962215,593612,222606,117,29,33,28,24,23505,212,23261,2,3,"17-05-2020 00:00",1104,0,1,0,0,0,0,0,0,0.0011,"Very Low"
OR,Nuapada,3391,14721,606490,402248,129685,58,6,11,36,5,22924,84,22803,1,3,"17-05-2020 00:00",310,0,0,0,0,0,0,0,0,0.0005,"Very Low"
OR,Puri,25187,40854,1697983,1078666,523160,6548,2991,91,68,69,45431,459,44903,15,7,"01-12-2020 00:00",173340,1,1,0,0,0,0,0,0,0.1021,"Category B"
OR,Rayagada,5781,16558,961959,549767,184420,2019,537,14,18,16,20224,167,19981,6,3,"17-05-2020 00:00",578,0,0,0,0,0,0,0,0,0.0006,"Very Low"
OR,Sambalpur,8960,31518,1044410,768989,418110,1479,574,62,88,113,31651,240,31315,13,24,"17-05-2020 00:00",2007,0,0,0,0,0,0,0,0,0.0019,"Very Low"
OR,"State Pool",0,0,0,0,0,0,0,407,338,401,32048,0,31587,53,57,0,0,0,0,0,0,0,0,0,0,NULL,"Very Low"
OR,Subarnapur,8102,31803,652107,418336,192102,0,0,5,5,3,13187,61,13115,0,0,0,0,0,0,0,0,0,0,0,0,0.0000,"Very Low"
OR,Sundargarh,19935,22587,2080664,1122762,490428,340,824,58,59,71,61841,594,61167,13,8,0,0,0,0,0,0,0,0,0,0,0.0000,"Very Low"
PB,Amritsar,23376,18084,2490891,1263073,446487,251,232,8,23,9,47379,1598,45757,4,1,"02-09-2020 00:00",89227,0,2,0,0,0,0,0,0,0.0358,"Very Low"
PB,Barnala,9552,5253,596294,328464,104197,291,629,2,2,0,5950,244,5696,0,0,"20-12-2020 00:00",63447,0,0,0,0,0,0,0,0,0.1064,"Category B"
PB,Bathinda,8246,6940,1388859,623604,202311,182,110,10,15,8,41728,1042,40668,1,0,"20-12-2020 00:00",118489,0,0,0,0,0,0,0,0,0.0853,"Category A"
PB,Faridkot,3048,4201,618008,330654,128653,241,154,7,7,7,13927,315,13602,1,1,"02-09-2020 00:00",23635,0,0,0,0,0,0,0,0,0.0382,"Very Low"
PB,"Fatehgarh Sahib",2513,4804,599814,354921,135247,17,9,2,2,1,8876,335,8538,0,0,"20-12-2020 00:00",68436,0,1,0,0,0,0,0,0,0.1141,"Category B"
PB,Fazilka,8408,5707,1180483,490080,131519,177,249,6,8,4,20271,528,19729,1,1,"10-12-2020 00:00",63589,0,0,0,0,0,0,0,0,0.0539,"Category A"
PB,Ferozepur,4483,4723,2026831,476343,128043,73,130,6,13,9,14347,504,13832,4,3,"20-12-2020 00:00",74880,0,0,0,0,0,0,0,0,0.0369,"Very Low"
PB,Gurdaspur,18212,26825,2299026,862133,415351,351,459,1,3,3,22381,801,21576,0,0,"20-12-2020 00:00",249039,0,1,0,0,0,0,0,0,0.1083,"Category B"
PB,Hoshiarpur,6567,17487,1582793,1000636,574716,211,87,12,10,12,30822,986,29828,2,2,"20-12-2020 00:00",221261,1,2,0,0,0,0,0,0,0.1398,"Category B"
PB,Jalandhar,13877,22309,2181753,1433553,681370,507,167,14,20,12,63396,1496,61864,1,1,"20-12-2020 00:00",443735,0,1,0,0,0,0,0,0,0.2034,"Category B"
PB,Kapurthala,5387,6146,817668,465285,187476,174,93,8,2,7,17852,556,17294,0,0,"02-09-2020 00:00",38658,0,0,0,0,0,0,0,0,0.0473,"Very Low"
PB,Ludhiana,41184,30055,3487882,2473646,943401,276,327,15,16,24,87608,2106,85484,0,4,"20-12-2020 00:00",514691,0,1,0,0,0,0,0,0,0.1476,"Category B"
PB,Mansa,5340,4111,768808,372366,89830,166,128,1,0,1,15606,380,15226,0,0,"02-09-2020 00:00",26878,0,0,0,0,0,0,0,0,0.0350,"Very Low"
PB,Moga,5076,6757,992289,541556,178908,7,9,2,1,8,8675,233,8440,0,0,"20-12-2020 00:00",77307,0,0,0,0,0,0,0,0,0.0779,"Category A"
PB,Pathankot,1762,6090,626154,424889,196822,278,52,14,20,7,18814,419,18373,6,1,"02-09-2020 00:00",29112,0,0,0,0,0,0,0,0,0.0465,"Very Low"
PB,Patiala,7659,10721,2892282,1051467,396473,526,239,12,6,15,48927,1358,47561,0,2,"20-12-2020 00:00",273344,0,0,0,0,0,0,0,0,0.0945,"Category A"
PB,Rupnagar,1965,5708,683349,384637,182919,202,88,3,20,7,12963,423,12517,2,3,"20-12-2020 00:00",97745,0,0,0,0,0,0,0,0,0.1430,"Category B"
PB,"S.A.S. Nagar",4914,9234,986147,872096,402212,425,95,27,18,21,68821,1068,67726,3,5,"02-09-2020 00:00",41532,0,0,0,0,0,0,0,0,0.0421,"Very Low"
PB,Sangrur,13224,9058,1654408,730511,218820,157,219,3,3,3,15762,875,14884,1,1,"19-12-2020 00:00",166332,0,0,0,0,0,0,0,0,0.1005,"Category B"
PB,"Shahid Bhagat Singh Nagar",2473,4917,614362,392113,172294,78,54,3,1,1,11469,388,11080,0,0,"20-12-2020 00:00",77715,0,0,0,0,0,0,0,0,0.1265,"Category B"
PB,"Sri Muktsar Sahib",3942,5830,902702,473193,142901,149,91,0,2,0,18784,524,18257,0,0,"12-12-2020 00:00",67979,0,0,0,0,0,0,0,0,0.0753,"Category A"
PB,"Tarn Taran",8846,8145,1120070,597303,178839,127,251,3,0,3,8043,380,7659,0,0,"18-12-2020 00:00",111446,0,0,0,0,0,0,0,0,0.0995,"Category A"
PY,Karaikal,763,2980,200222,111152,57491,22,2,69,53,63,16488,250,16150,6,9,"27-01-2021 00:00",73142,0,0,0,0,0,0,0,0,0.3653,"Category C"
PY,Mahe,109,1003,41816,34018,25943,0,0,44,58,46,5867,47,5744,10,10,"27-01-2021 00:00",42415,0,0,0,0,0,0,0,0,1.0143,"Very Low"
PY,Puducherry,7191,15005,950289,558708,305464,477,159,218,163,202,98885,1453,97171,22,25,"27-01-2021 00:00",425639,0,0,0,0,0,0,0,0,0.4479,"Category C"
PY,Yanam,259,1082,55626,30079,15489,31,8,12,4,4,6773,107,6661,0,1,"27-01-2021 00:00",26727,0,0,0,0,0,0,0,0,0.4805,"Category C"
RJ,Ajmer,9133,56199,2584913,1752308,1042482,1101,110,5,6,8,37769,410,37352,0,0,"01-02-2021 00:00",261215,0,0,0,0,0,0,0,0,0.1011,"Category B"
RJ,Alwar,21681,29417,3671999,2237787,1029095,1002,376,0,0,0,59694,307,59387,0,0,"01-02-2021 00:00",291879,0,0,0,0,0,0,0,0,0.0795,"Category A"
RJ,"BSF Camp",0,0,0,0,0,0,0,0,0,0,85,0,85,0,0,0,0,0,0,0,0,0,0,0,0,NULL,"Very Low"
RJ,Banswara,10612,22206,1798194,1024293,525793,1105,986,0,0,0,10005,104,9901,0,0,"01-02-2021 00:00",48781,0,0,0,0,0,0,0,0,0.0271,"Very Low"
RJ,Baran,6599,15157,1223921,763006,297741,212,44,0,1,0,11996,61,11934,0,0,"01-02-2021 00:00",46168,0,0,0,0,0,0,0,0,0.0377,"Very Low"
RJ,Barmer,5670,16673,2604453,1455732,621465,247,64,0,1,0,15563,185,15377,0,0,"01-02-2021 00:00",113868,0,0,0,0,0,0,0,0,0.0437,"Very Low"
RJ,Bharatpur,10069,22595,2549121,1351114,590401,176,59,0,0,0,19601,260,19341,0,0,"01-02-2021 00:00",201441,0,0,0,0,0,0,0,0,0.0790,"Category A"
RJ,Bhilwara,5405,26146,2410459,1525323,723691,1752,161,0,0,0,29781,156,29625,0,0,"01-02-2021 00:00",148764,0,0,0,0,0,0,0,0,0.0617,"Category A"
RJ,Bikaner,6565,17712,2367745,1461174,714590,275,76,7,2,1,40339,545,39792,0,1,"01-02-2021 00:00",278302,0,0,0,0,0,0,0,0,0.1175,"Category B"
RJ,Bundi,12488,24243,1113725,709316,362835,1216,424,0,0,0,7967,48,7919,0,0,"01-02-2021 00:00",58167,0,0,0,0,0,0,0,0,0.0522,"Category A"
RJ,Chittorgarh,6118,29167,1544392,978713,482350,43,21,0,0,0,19809,139,19670,0,0,"01-02-2021 00:00",116002,0,0,0,0,0,0,0,0,0.0751,"Category A"
RJ,Churu,5483,26038,2041172,1301558,582443,32,5,0,0,0,16720,107,16613,0,0,"01-02-2021 00:00",131700,0,0,0,0,0,0,0,0,0.0645,"Category A"
RJ,Dausa,5627,29672,1637226,941513,395584,1072,182,0,0,0,13351,62,13289,0,0,"01-02-2021 00:00",61680,0,0,0,0,0,0,0,0,0.0377,"Very Low"
RJ,Dholpur,4270,11868,1207293,660103,279501,83,45,1,0,2,11010,48,10962,0,1,"01-02-2021 00:00",121308,0,0,0,0,0,0,0,0,0.1005,"Category B"
RJ,Dungarpur,6673,19241,1388906,737200,349762,246,90,0,0,0,18407,131,18276,0,0,"01-02-2021 00:00",121917,0,0,0,0,0,0,0,0,0.0878,"Category A"
RJ,Evacuees,0,0,0,0,0,0,0,0,0,0,61,0,61,0,0,0,0,0,0,0,0,0,0,0,0,NULL,"Very Low"
RJ,Ganganagar,11153,29478,1969520,1278952,525137,1957,749,0,1,0,19354,150,19203,0,0,"01-02-2021 00:00",80706,0,0,0,0,0,0,0,0,0.0410,"Very Low"
RJ,Hanumangarh,5057,30733,1779650,1230511,588688,478,72,0,0,0,16053,111,15942,0,0,"01-02-2021 00:00",82542,0,0,0,0,0,0,0,0,0.0464,"Very Low"
RJ,Italians,0,0,0,0,0,0,0,0,0,0,2,0,2,0,0,0,0,0,0,0,0,0,0,0,0,NULL,"Very Low"
RJ,Jaipur,24518,63582,6663971,4582410,2189042,1871,570,9,16,9,187804,1970,185816,2,0,"01-02-2021 00:00",968783,0,0,0,0,0,0,0,0,0.1454,"Category B"
RJ,Jaisalmer,2951,9700,672008,416014,194163,474,199,0,0,0,13639,66,13573,0,0,"01-02-2021 00:00",80082,0,0,0,0,0,0,0,0,0.1192,"Category B"
RJ,Jalore,9304,26896,1830151,987519,393953,738,309,0,0,0,10067,72,9995,0,0,"01-02-2021 00:00",184172,0,0,0,0,0,0,0,0,0.1006,"Category B"
RJ,Jhalawar,2527,16443,1411327,922646,363082,2133,359,1,0,0,13612,187,13425,0,0,"01-02-2021 00:00",97163,0,0,0,0,0,0,0,0,0.0688,"Category A"
RJ,Jhunjhunu,7946,42099,2139658,1449967,787196,1682,267,0,0,0,14811,158,14653,0,0,"01-02-2021 00:00",123433,0,0,0,0,0,0,0,0,0.0577,"Category A"
RJ,Jodhpur,7707,22507,3685681,2263325,1036743,93,26,2,0,3,112412,1103,111308,0,0,"01-02-2021 00:00",600959,0,0,0,0,0,0,0,0,0.1631,"Category B"
RJ,Karauli,19063,20813,1458459,813922,395700,993,1578,0,0,0,7156,70,7086,0,0,"01-02-2021 00:00",64481,0,0,0,0,0,0,0,0,0.0442,"Very Low"
RJ,Kota,2612,26626,1950491,1269245,655588,2306,170,0,0,0,57053,449,56603,0,0,"01-02-2021 00:00",355509,0,0,0,0,0,0,0,0,0.1823,"Category B"
RJ,Nagaur,6806,36157,3309234,2077555,1016874,3335,636,0,0,0,17737,177,17560,0,0,"01-02-2021 00:00",229822,0,0,0,0,0,0,0,0,0.0694,"Category A"
RJ,"Other State",0,0,0,0,0,0,0,0,0,0,189,39,150,0,0,0,0,0,0,0,0,0,0,0,0,NULL,"Very Low"
RJ,Pali,7082,26853,2038533,1200554,513058,3089,704,1,0,1,27324,287,27037,0,0,"01-02-2021 00:00",179463,0,0,0,0,0,0,0,0,0.0880,"Category A"
RJ,Pratapgarh,1130,25717,868231,655140,345189,298,39,0,0,0,7143,63,7080,0,0,"01-02-2021 00:00",52208,0,0,0,0,0,0,0,0,0.0601,"Category A"
RJ,Rajsamand,4092,14945,1158283,691497,299553,988,345,0,0,0,17044,169,16875,0,0,"01-02-2021 00:00",91975,0,0,0,0,0,0,0,0,0.0794,"Category A"
RJ,"Sawai Madhopur",8475,18843,1338114,756544,347992,844,268,2,0,2,10618,61,10557,0,0,"01-02-2021 00:00",84683,0,0,0,0,0,0,0,0,0.0633,"Category A"
RJ,Sikar,4520,20308,2677737,1838263,821713,130,39,0,0,0,30618,335,30283,0,0,"01-02-2021 00:00",165042,0,0,0,0,0,0,0,0,0.0616,"Category A"
RJ,Sirohi,9007,15482,1037185,610090,348789,589,480,0,0,0,13732,79,13653,0,0,"01-02-2021 00:00",84616,0,0,0,0,0,0,0,0,0.0816,"Category A"
RJ,Tonk,2623,16223,1421711,884688,419023,268,48,0,0,0,9498,92,9406,0,0,"01-02-2021 00:00",74225,0,0,0,0,0,0,0,0,0.0522,"Category A"
RJ,Udaipur,16803,51655,3067549,1715072,854773,2727,1169,3,0,0,56405,753,55652,0,0,"01-02-2021 00:00",251522,0,0,0,0,0,0,0,0,0.0820,"Category A"
SK,"East Sikkim",528,10519,281293,263526,229361,0,0,0,0,0,0,0,0,0,0,0,0,0,0,0,0,0,0,0,0,0.0000,"Very Low"
SK,"North Sikkim",23,447,43354,33137,27820,0,0,0,0,0,0,0,0,0,0,0,0,0,0,0,0,0,0,0,0,0.0000,"Very Low"
SK,"South Sikkim",164,2223,146742,121481,105432,0,0,0,0,0,0,0,0,0,0,0,0,0,0,0,0,0,0,0,0,0.0000,"Very Low"
SK,Unknown,0,0,0,0,0,0,0,82,79,76,31979,396,31063,21,8,0,0,1,2,325,0,0,0,6,0,NULL,"Very Low"
SK,"West Sikkim",67,855,136299,103619,88896,0,0,0,0,0,0,0,0,0,0,0,0,0,0,0,0,0,0,0,0,0.0000,"Very Low"
TG,Adilabad,11894,12694,708952,376263,89337,138,165,0,0,0,0,0,0,0,0,0,0,0,0,0,0,0,0,0,0,0.0000,"Very Low"
TG,"Bhadradri Kothagudem",30988,31905,1304811,599183,204318,1314,1570,0,0,0,0,0,0,0,0,0,0,0,0,0,0,0,0,0,0,0.0000,"Very Low"
TG,Hyderabad,48855,123025,3441992,3150245,1893217,5427,3334,0,0,0,0,0,0,0,0,0,0,0,0,0,0,0,0,0,0,0.0000,"Very Low"
TG,Jagtial,50253,17153,983414,580926,190526,0,0,0,0,0,0,0,0,0,0,0,0,0,0,0,0,0,0,0,0,0.0000,"Very Low"
TG,Jangaon,20821,11508,582457,327527,128207,363,2637,0,0,0,0,0,0,0,0,0,0,0,0,0,0,0,0,0,0,0.0000,"Very Low"
TG,"Jayashankar Bhupalapally",4191,23712,712257,262313,127108,262,125,0,0,0,0,0,0,0,0,0,0,0,0,0,0,0,0,0,0,0.0000,"Very Low"
TG,"Jogulamba Gadwal",23908,6281,664971,306919,59886,253,496,0,0,0,0,0,0,0,0,0,0,0,0,0,0,0,0,0,0,0.0000,"Very Low"
TG,Kamareddy,14692,16918,972625,557684,183176,78,320,0,0,0,0,0,0,0,0,0,0,0,0,0,0,0,0,0,0,0.0000,"Very Low"
TG,Karimnagar,12731,45384,1016063,657167,384862,486,65,0,0,0,0,0,0,0,0,0,0,0,0,0,0,0,0,0,0,0.0000,"Very Low"
TG,Khammam,41893,68994,1401639,856707,333812,1134,789,0,0,0,0,0,0,0,0,0,0,0,0,0,0,0,0,0,0,0.0000,"Very Low"
TG,"Komaram Bheem",17465,4048,515835,275644,51593,136,569,0,0,0,0,0,0,0,0,0,0,0,0,0,0,0,0,0,0,0.0000,"Very Low"
TG,Mahabubabad,36700,27419,1318110,468199,172007,1107,3715,0,0,0,0,0,0,0,0,0,0,0,0,0,0,0,0,0,0,0.0000,"Very Low"
TG,Mahabubnagar,32811,19635,0,482547,150640,184,609,0,0,0,0,0,0,0,0,0,0,0,0,0,0,0,0,0,0,NULL,"Very Low"
TG,Mancherial,22489,15600,807037,480069,170258,27,65,0,0,0,0,0,0,0,0,0,0,0,0,0,0,0,0,0,0,0.0000,"Very Low"
TG,Medak,34422,25162,767428,458648,140778,589,704,0,0,0,0,0,0,0,0,0,0,0,0,0,0,0,0,0,0,0.0000,"Very Low"
TG,"Medchal Malkajgiri",54568,93893,2542203,2149958,1317832,8370,5804,0,0,0,0,0,0,0,0,0,0,0,0,0,0,0,0,0,0,0.0000,"Very Low"
TG,Mulugu,4190,10660,294671,186104,76648,85,71,0,0,0,0,0,0,0,0,0,0,0,0,0,0,0,0,0,0,0.0000,"Very Low"
TG,Nagarkurnool,30265,5469,893308,464888,106589,18,730,0,0,0,0,0,0,0,0,0,0,0,0,0,0,0,0,0,0,0.0000,"Very Low"
TG,Nalgonda,105864,33747,1631399,891308,254218,448,859,0,0,0,0,0,0,0,0,0,0,0,0,0,0,0,0,0,0,0.0000,"Very Low"
TG,Narayanpet,14266,3428,566874,288388,50219,48,585,0,0,0,0,0,0,0,0,0,0,0,0,0,0,0,0,0,0,0.0000,"Very Low"
TG,Nirmal,16044,8396,709415,378315,130107,255,744,0,0,0,0,0,0,0,0,0,0,0,0,0,0,0,0,0,0,0.0000,"Very Low"
TG,Nizamabad,67852,21328,1534428,858574,250862,42,276,0,0,0,0,0,0,0,0,0,0,0,0,0,0,0,0,0,0,0.0000,"Very Low"
TG,Peddapalli,18954,19908,795332,463510,201940,40,79,0,0,0,0,0,0,0,0,0,0,0,0,0,0,0,0,0,0,0.0000,"Very Low"
TG,"Rajanna Sircilla",7398,17056,546121,372065,144680,100,10,0,0,0,0,0,0,0,0,0,0,0,0,0,0,0,0,0,0,0.0000,"Very Low"
TG,"Ranga Reddy",76853,93482,2551731,2348542,1291404,1168,217,0,0,0,0,0,0,0,0,0,0,0,0,0,0,0,0,0,0,0.0000,"Very Low"
TG,Sangareddy,77693,32539,1527628,851395,299316,3083,7628,0,0,0,0,0,0,0,0,0,0,0,0,0,0,0,0,0,0,0.0000,"Very Low"
TG,Siddipet,35164,25015,993376,582450,242462,187,197,0,0,0,0,0,0,0,0,0,0,0,0,0,0,0,0,0,0,0.0000,"Very Low"
TG,Suryapet,38975,24793,1099560,610724,208278,1,20,0,0,0,0,0,0,0,0,0,0,0,0,0,0,0,0,0,0,0.0000,"Very Low"
TG,Unknown,0,0,0,0,0,0,0,1068,1189,1121,671463,3956,663498,121,183,0,0,1,9,0,0,0,0,0,0,NULL,"Very Low"
TG,Vikarabad,20014,5848,881250,427669,87989,12,111,0,0,0,0,0,0,0,0,0,0,0,0,0,0,0,0,0,0,0.0000,"Very Low"
TG,Wanaparthy,13905,10313,751553,289412,81870,119,243,0,0,0,0,0,0,0,0,0,0,0,0,0,0,0,0,0,0,0.0000,"Very Low"
TG,"Warangal Rural",25045,13208,716457,342881,105289,1350,2416,0,0,0,0,0,0,0,0,0,0,0,0,0,0,0,0,0,0,0.0000,"Very Low"
TG,"Warangal Urban",21854,63907,1135707,687410,418947,101,42,0,0,0,0,0,0,0,0,0,0,0,0,0,0,0,0,0,0,0.0000,"Very Low"
TG,"Yadadri Bhuvanagiri",38752,28567,726465,463854,223506,739,4429,0,0,0,0,0,0,0,0,0,0,0,0,0,0,0,0,0,0,0.0000,"Very Low"
TN,"Airport Quarantine",0,0,0,0,0,0,0,3,1,1,2113,2,2107,0,0,0,0,0,0,0,0,0,0,0,0,NULL,"Very Low"
TN,Ariyalur,19203,29689,752481,475390,157166,3941,1127,51,35,44,16854,261,16548,5,3,"23-07-2020 00:00",18285,0,1,0,0,0,0,0,0,0.0243,"Very Low"
TN,Chengalpattu,26704,39438,2556244,1337641,604784,3415,3145,658,627,706,171777,2506,168327,83,93,"23-07-2020 00:00",51771,2,5,0,0,0,0,0,0,0.0203,"Very Low"
TN,Chennai,52515,124932,7100000,4532809,2671294,8535,4126,1162,880,1093,554672,8546,544701,118,143,"01-02-2021 00:00",2667777,4,12,0,0,0,0,0,0,0.3757,"Category C"
TN,Coimbatore,20971,79387,3472578,2717202,1205484,2853,770,965,869,988,246780,2416,243070,120,126,"23-07-2020 00:00",102107,1,15,0,0,0,0,0,0,0.0294,"Very Low"
TN,Cuddalore,51773,101735,2600880,1529591,646400,22186,9299,141,129,132,64085,867,62997,16,18,"23-07-2020 00:00",36434,0,0,0,0,0,0,0,0,0.0140,"Very Low"
TN,Dharmapuri,13388,27153,1502900,770955,279901,1674,811,177,110,161,28425,274,27957,16,21,"22-12-2020 00:00",163803,0,1,0,0,0,0,0,0,0.1090,"Category B"
TN,Dindigul,19630,57260,2161367,1236504,493453,1040,321,64,58,51,33099,645,32348,9,7,"23-07-2020 00:00",27800,0,1,0,0,0,0,0,0,0.0129,"Very Low"
TN,Erode,16741,46724,2259608,1370925,552624,899,244,549,477,573,104303,686,102836,68,94,"23-07-2020 00:00",66240,2,4,0,0,0,0,0,0,0.0293,"Very Low"
TN,Kallakurichi,22603,52087,1370281,696213,299822,7322,4089,112,66,118,31364,210,31056,14,23,"23-07-2020 00:00",28314,0,0,0,0,0,0,0,0,0.0207,"Very Low"
TN,Kancheepuram,13961,24360,1166401,663206,250181,1040,679,237,225,259,74970,1258,73386,30,37,"23-07-2020 00:00",37505,0,2,0,0,0,0,0,0,0.0322,"Very Low"
TN,Kanyakumari,17732,51185,1863178,1100888,450620,1276,431,132,120,102,62362,1048,61112,17,12,"23-07-2020 00:00",79600,0,0,0,0,0,0,0,0,0.0427,"Very Low"
TN,Karur,5882,32339,1076588,626136,289120,834,74,80,136,90,24091,356,23523,20,16,"23-07-2020 00:00",17190,0,1,0,0,0,0,0,0,0.0160,"Very Low"
TN,Krishnagiri,15883,37027,1883731,1040491,407695,1731,404,141,134,160,43570,348,43036,16,19,"23-07-2020 00:00",14284,0,1,0,0,0,0,0,0,0.0076,"Very Low"
TN,Madurai,26340,42498,3991038,1500331,583138,2012,1060,132,99,122,75215,1172,73853,13,17,"23-07-2020 00:00",97279,0,3,0,0,0,0,0,0,0.0244,"Very Low"
TN,Mayiladuthurai,0,0,901000,0,0,0,0,82,41,80,23280,316,22878,3,10,0,0,0,0,0,0,0,0,0,0,0.0000,"Very Low"
TN,Nagapattinam,8662,23176,1614069,813495,289588,953,273,145,97,121,21074,346,20561,16,20,"23-07-2020 00:00",20984,1,10,0,0,0,0,0,0,0.0130,"Very Low"
TN,Namakkal,12694,28265,1721179,987830,397079,442,168,376,315,397,52245,498,51253,43,51,"23-07-2020 00:00",24758,0,2,0,0,0,0,0,0,0.0144,"Very Low"
TN,Nilgiris,1613,31952,735071,501986,343811,1092,71,197,124,220,33566,212,33164,20,25,"23-07-2020 00:00",45839,2,3,0,0,0,0,0,0,0.0624,"Category A"
TN,Perambalur,4307,17440,564511,326872,136491,2161,383,24,26,27,12067,243,11790,2,5,"23-07-2020 00:00",7981,0,0,0,0,0,0,0,0,0.0141,"Very Low"
TN,Pudukkottai,10691,34202,1918725,827320,314780,2862,554,95,75,68,30183,416,29627,12,8,"23-07-2020 00:00",20835,0,2,0,0,0,0,0,0,0.0109,"Very Low"
TN,"Railway Quarantine",0,0,0,0,0,0,0,0,0,0,428,0,428,0,0,0,0,0,0,0,0,0,0,0,0,NULL,"Very Low"
TN,Ramanathapuram,9961,32447,1337560,660673,280037,2329,852,59,25,55,20564,357,20158,3,6,"23-07-2020 00:00",23389,0,0,0,0,0,0,0,0,0.0175,"Very Low"
TN,Ranipet,10793,13744,1210277,557267,174051,485,506,85,69,73,43436,775,42557,14,14,"23-07-2020 00:00",20118,0,2,0,0,0,0,0,0,0.0166,"Very Low"
TN,Salem,25814,66134,3480008,1925084,791376,2125,396,395,427,442,99893,1685,97619,62,67,"23-07-2020 00:00",79660,1,3,0,0,0,0,0,0,0.0229,"Very Low"
TN,Sivaganga,10170,31816,1341250,726010,287468,564,195,75,82,78,20195,206,19854,13,9,"23-07-2020 00:00",25824,0,0,0,0,0,0,0,0,0.0193,"Very Low"
TN,Tenkasi,16935,21454,1407627,736882,233177,446,291,13,25,14,27357,484,26834,4,4,"23-07-2020 00:00",26338,0,0,0,0,0,0,0,0,0.0187,"Very Low"
TN,Thanjavur,49025,31228,2402781,1224986,486660,2378,12155,426,310,428,75352,972,73874,37,59,"23-07-2020 00:00",67445,0,6,0,0,0,0,0,0,0.0281,"Very Low"
TN,Theni,11199,33309,1243684,660187,304832,1536,379,30,15,23,43571,521,43018,1,5,"23-07-2020 00:00",45839,1,1,0,0,0,0,0,0,0.0369,"Very Low"
TN,Thiruvallur,25332,47695,3725697,1425728,563426,4382,2328,421,252,396,119370,1842,117138,28,55,"23-07-2020 00:00",67948,0,3,0,0,0,0,0,0,0.0182,"Very Low"
TN,Thiruvarur,13453,29614,1268094,630274,246969,624,291,242,170,253,41461,442,40760,23,22,"23-07-2020 00:00",67445,2,5,0,0,0,0,0,0,0.0532,"Category A"
TN,Thoothukkudi,46323,22453,1738376,984706,328797,1612,11497,105,85,90,56304,409,55757,11,9,"23-07-2020 00:00",49288,1,1,0,0,0,0,0,0,0.0284,"Very Low"
TN,Tiruchirappalli,32150,48874,2713858,1468456,636356,892,2445,331,302,334,77534,1059,76038,37,49,"07-08-2020 00:00",92586,0,5,0,0,0,0,0,0,0.0341,"Very Low"
TN,Tirunelveli,22582,19904,1665253,815687,275985,627,940,115,93,125,49374,432,48812,11,13,"23-07-2020 00:00",54208,1,1,0,0,0,0,0,0,0.0326,"Very Low"
TN,Tirupathur,11111,24743,1111812,541496,205219,525,311,61,50,66,29301,625,28600,10,8,"23-07-2020 00:00",23998,0,0,0,0,0,0,0,0,0.0216,"Very Low"
TN,Tiruppur,20414,50762,2471222,1671392,611015,443,133,556,504,537,95405,979,93683,69,53,"23-07-2020 00:00",36301,1,5,0,0,0,0,0,0,0.0147,"Very Low"
TN,Tiruvannamalai,31415,73235,2468965,1270049,533376,10228,4455,142,120,158,54968,667,54122,18,28,"23-07-2020 00:00",76170,0,0,0,0,0,0,0,0,0.0309,"Very Low"
TN,Vellore,18978,31716,1614242,763735,336366,1825,953,119,117,139,49864,1131,48564,12,15,"23-07-2020 00:00",47936,0,1,0,0,0,0,0,0,0.0297,"Very Low"
TN,Viluppuram,53748,67153,2093003,1085842,444502,11812,12953,84,79,83,45857,356,45382,10,11,"23-07-2020 00:00",52064,0,1,0,0,0,0,0,0,0.0249,"Very Low"
TN,Virudhunagar,16628,50467,1943309,1072788,505098,3437,1007,45,38,45,46294,548,45687,5,8,"23-07-2020 00:00",28620,0,0,0,0,0,0,0,0,0.0147,"Very Low"
TR,Dhalai,264,11234,377988,258334,164654,531,5,0,1,2,7037,35,7000,0,0,"02-02-2021 00:00",61582,0,0,1,0,0,0,0,0,0.1629,"Category B"
TR,Gomati,319,9611,436868,279099,161408,1,0,3,8,3,8134,74,8043,0,0,"02-02-2021 00:00",47437,0,0,4,0,0,0,0,0,0.1086,"Category B"
TR,Khowai,373,5866,327391,202148,111955,0,0,1,3,0,4559,54,4500,2,0,"02-02-2021 00:00",24046,0,0,0,0,0,0,0,0,0.0734,"Category A"
TR,"North Tripura",352,4099,415946,283802,190594,0,0,8,4,8,7250,34,7199,2,0,"02-02-2021 00:00",100931,0,0,7,0,0,0,0,0,0.2427,"Category B"
TR,Sipahijala,451,10397,484233,330932,211903,9,0,2,8,4,6360,75,6273,0,0,"02-02-2021 00:00",53067,0,0,1,0,0,0,0,0,0.1096,"Category B"
TR,"South Tripura",267,5639,433737,303987,209259,1,0,1,4,1,10168,53,10104,1,0,"02-02-2021 00:00",83030,0,0,3,0,0,0,0,0,0.1914,"Category B"
TR,Unokoti,762,10307,277335,173390,101178,5,0,1,4,3,8609,68,8530,1,0,"02-02-2021 00:00",34930,0,0,4,0,0,0,0,0,0.1259,"Category B"
TR,"West Tripura",1366,17141,917534,676784,470030,13,5,33,55,41,32351,420,31817,6,2,"02-02-2021 00:00",202939,0,0,43,0,0,0,0,0,0.2212,"Category B"
