state_code,district_code,district_name,confirmed_cases,deceased_cases,recovered_cases,active_cases,population,delta_confirmed,delta_deceased,delta_recovered,delta_confirmed_7,delta_deceased_7,delta_recovered_7
AN,Nicobars,,0,0,0,0,36842,0,0,0,0,0,0
AN,North and Middle Andaman,,0,0,0,0,105597,0,0,0,0,0,0
AN,South Andaman,,0,0,0,0,238142,0,0,0,0,0,0
AN,Unknown,,7651,129,7518,4,0,0,0,0,3,0,5
AP,Anantapur,,157843,1093,156699,51,4083315,4,0,5,38,0,58
AP,Chittoor,,246935,1947,244144,844,4170468,64,1,87,516,6,629
AP,East Godavari,,293836,1290,291610,936,5151549,87,0,121,604,0,520
AP,Foreign Evacuees,,434,0,434,0,0,0,0,0,0,0,0
AP,Guntur,,178068,1237,176629,202,4889230,33,0,198,272,4,619
AP,Krishna,,119348,1430,117130,788,4529009,46,1,71,422,9,467
AP,Kurnool,,124142,853,123264,25,4046601,6,0,3,25,0,26
AP,Other State,,2461,0,2461,0,0,0,0,0,0,0,0
AP,Prakasam,,138482,1124,136989,369,3392764,6,0,37,103,3,290
AP,S.P.S. Nellore,,146388,1053,144919,416,2966082,34,1,23,155,2,235
AP,Srikakulam,,123109,786,122136,187,2699471,19,0,20,132,0,72
AP,Visakhapatnam,,157737,1127,156492,118,4288113,27,0,30,237,1,227
AP,Vizianagaram,,82967,672,82231,64,2342868,7,1,11,53,1,38
AP,West Godavari,,179077,1117,177680,280,3934782,40,0,44,234,4,246
AP,Y.S.R. Kadapa,,115623,644,114904,75,2884524,12,0,25,82,0,163
AR,Anjaw,,1068,3,1065,0,21089,0,0,0,0,0,0
AR,Capital Complex,,0,0,0,0,0,0,0,0,0,0,0
AR,Changlang,,3807,22,3780,5,147951,0,0,1,3,0,3
AR,East Kameng,,1094,0,1094,0,78413,0,0,0,0,0,0
AR,East Siang,,3206,17,3183,6,99019,0,0,5,9,0,10
AR,Kamle,,512,0,512,0,22256,0,0,0,0,0,0
AR,Kra Daadi,,270,0,270,0,0,0,0,0,0,0,0
AR,Kurung Kumey,,511,1,510,0,89717,0,0,0,0,0,0
AR,Lepa Rada,,874,3,871,0,0,0,0,0,0,0,1
AR,Lohit,,2885,26,2851,8,145538,0,0,0,9,0,3
AR,Longding,,752,2,749,1,60000,0,0,0,1,0,0
AR,Lower Dibang Valley,,2426,11,2397,18,53986,0,0,0,14,0,3
AR,Lower Siang,,738,8,730,0,80597,0,0,0,0,0,0
AR,Lower Subansiri,,3036,15,3015,6,82839,0,0,0,5,0,2
AR,Namsai,,2124,17,2102,5,95950,0,0,0,4,0,16
AR,Pakke Kessang,,453,0,453,0,0,0,0,0,0,0,0
AR,Papum Pare,,18316,98,18212,6,176385,1,0,1,7,0,12
AR,Shi Yomi,,262,0,261,1,13310,0,0,0,1,0,10
AR,Siang,,411,3,408,0,31920,0,0,0,0,0,0
AR,Tawang,,2577,20,2533,24,49950,0,0,0,12,0,8
AR,Tirap,,1109,5,1102,2,111997,0,0,0,0,0,2
AR,Upper Dibang Valley,,337,2,335,0,7948,0,0,0,0,0,1
AR,Upper Siang,,1016,1,1015,0,35289,0,0,0,0,0,2
AR,Upper Subansiri,,1958,6,1952,0,83205,0,0,0,0,0,0
AR,West Kameng,,3545,14,3518,13,87013,0,0,7,1,0,21
AR,West Siang,,1868,6,1856,6,112272,0,0,-5,0,0,3
AS,Baksa,,0,0,0,0,953773,0,0,0,0,0,0
AS,Barpeta,,0,0,0,0,1693190,0,0,0,0,0,0
AS,Biswanath,,0,0,0,0,612491,0,0,0,0,0,0
AS,Bongaigaon,,0,0,0,0,732639,0,0,0,0,0,0
AS,Cachar,,0,0,0,0,1736319,0,0,0,0,0,0
AS,Charaideo,,0,0,0,0,0,0,0,0,0,0,0
AS,Chirang,,0,0,0,0,481818,0,0,0,0,0,0
AS,Darrang,,0,0,0,0,908090,0,0,0,0,0,0
AS,Dhemaji,,0,0,0,0,688077,0,0,0,0,0,0
AS,Dhubri,,0,0,0,0,1948632,0,0,0,0,0,0
AS,Dibrugarh,,0,0,0,0,1327748,0,0,0,0,0,0
AS,Dima Hasao,,0,0,0,0,213529,0,0,0,0,0,0
AS,Goalpara,,0,0,0,0,1008959,0,0,0,0,0,0
AS,Golaghat,,0,0,0,0,1058674,0,0,0,0,0,0
AS,Hailakandi,,0,0,0,0,659260,0,0,0,0,0,0
AS,Hojai,,0,0,0,0,931218,0,0,0,0,0,0
AS,Jorhat,,0,0,0,0,1091295,0,0,0,0,0,0
AS,Kamrup,,0,0,0,0,1517202,0,0,0,0,0,0
AS,Kamrup Metropolitan,,0,0,0,0,1260419,0,0,0,0,0,0
AS,Karbi Anglong,,0,0,0,0,965280,0,0,0,0,0,0
AS,Karimganj,,0,0,0,0,1217002,0,0,0,0,0,0
AS,Kokrajhar,,0,0,0,0,886999,0,0,0,0,0,0
AS,Lakhimpur,,0,0,0,0,1040644,0,0,0,0,0,0
AS,Majuli,,0,0,0,0,167304,0,0,0,0,0,0
AS,Morigaon,,0,0,0,0,957853,0,0,0,0,0,0
AS,Nagaon,,0,0,0,0,2826006,0,0,0,0,0,0
AS,Nalbari,,0,0,0,0,769919,0,0,0,0,0,0
AS,Sivasagar,,0,0,0,0,1150253,0,0,0,0,0,0
AS,Sonitpur,,0,0,0,0,1925975,0,0,0,0,0,0
AS,South Salmara Mankachar,,0,0,0,0,555114,0,0,0,0,0,0
AS,Tinsukia,,0,0,0,0,1316948,0,0,0,0,0,0
AS,Udalguri,,0,0,0,0,832769,0,0,0,0,0,0
AS,Unknown,,610645,5997,600974,3674,0,212,1,236,2056,24,2215
AS,West Karbi Anglong,,0,0,0,0,300320,0,0,0,0,0,0
BR,Araria,,14978,116,14859,3,2806200,0,0,0,2,0,0
BR,Arwal,,7381,74,7307,0,700843,0,0,0,0,0,0
BR,Aurangabad,,20011,75,19936,0,2511243,0,0,0,0,0,0
BR,Banka,,7379,112,7267,0,2029339,0,0,0,0,0,0
BR,Begusarai,,27212,457,26754,1,2954367,0,0,1,2,0,7
BR,Bhagalpur,,25840,309,25531,0,3032226,0,0,1,1,0,1
BR,Bhojpur,,10210,159,10051,0,2720155,0,0,0,0,0,0
BR,Buxar,,9248,182,9066,0,1707643,0,0,0,0,0,0
BR,Darbhanga,,10937,370,10567,0,3921971,0,0,0,0,0,1
BR,East Champaran,,19017,430,18585,2,5082868,0,0,0,2,0,0
BR,Gaya,,33952,280,33672,0,4379383,0,0,0,0,0,1
BR,Gopalganj,,16685,94,16591,0,2558037,0,0,0,0,0,1
BR,Jamui,,9418,106,9312,0,1756078,0,0,0,0,0,1
BR,Jehanabad,,10783,109,10674,0,1124176,0,0,0,0,0,0
BR,Kaimur,,4984,147,4837,0,1626900,0,0,0,0,0,0
BR,Katihar,,18145,94,18051,0,3068149,0,0,0,0,0,1
BR,Khagaria,,10064,88,9976,0,1657599,0,0,0,0,0,0
BR,Kishanganj,,10128,66,10057,5,1690948,3,0,1,4,0,2
BR,Lakhisarai,,7776,102,7674,0,1000717,0,0,0,0,0,0
BR,Madhepura,,12547,111,12435,1,1994618,0,0,0,1,0,0
BR,Madhubani,,18365,339,18023,3,4476044,2,0,0,3,0,0
BR,Munger,,15111,158,14953,0,1359054,0,0,0,0,0,1
BR,Muzaffarpur,,31398,621,30777,0,4778610,0,0,0,0,0,1
BR,Nalanda,,23432,468,22964,0,2872523,0,0,0,0,0,0
BR,Nawada,,10353,178,10174,1,2216653,0,0,0,1,0,0
BR,Patna,,147007,2334,144651,22,5772804,2,0,3,14,0,8
BR,Purnia,,24427,180,24247,0,3273127,0,0,0,0,0,0
BR,Rohtas,,13980,271,13707,2,2962593,0,0,0,2,0,0
BR,Saharsa,,17616,134,17482,0,1897102,0,0,0,0,0,0
BR,Samastipur,,20020,155,19864,1,4254782,1,0,1,2,0,2
BR,Saran,,23278,255,23020,3,3943098,0,0,2,5,0,2
BR,Sheikhpura,,7693,75,7618,0,634927,0,0,0,0,0,0
BR,Sheohar,,4404,36,4368,0,656916,0,0,0,0,0,2
BR,Sitamarhi,,9185,127,9058,0,3419622,0,0,0,0,0,0
BR,Siwan,,15195,170,15025,0,3318176,0,0,0,0,0,0
BR,Supaul,,17222,129,17093,0,2228397,0,0,0,0,0,0
BR,Vaishali,,19827,192,19632,3,3495021,0,0,0,1,0,0
BR,West Champaran,,20890,358,20532,0,3935042,0,0,0,0,0,0
CH,Chandigarh,,65351,820,64495,36,1055450,5,0,3,28,0,20
CT,Balod,,27278,396,26880,2,826165,0,0,0,2,0,1
CT,Baloda Bazar,,43085,471,42611,3,1305343,0,0,1,0,0,3
CT,Balrampur,,20302,118,20182,2,598855,0,0,0,0,0,0
CT,Bametara,,19963,236,19726,1,197035,1,0,0,1,0,0
CT,Bastar,,21066,188,20845,33,1302253,2,0,2,24,0,2
CT,Bijapur,,8324,55,8263,6,229832,3,0,1,5,0,3
CT,Bilaspur,,65681,1210,64448,23,1961922,1,0,3,17,2,8
CT,Dakshin Bastar Dantewada,,10840,25,10809,6,533638,1,0,0,6,0,2
CT,Dhamtari,,27239,545,26690,4,799199,0,0,2,2,0,2
CT,Durg,,96880,1798,95028,54,3343079,4,0,6,26,1,18
CT,Gariaband,,19701,194,19506,1,597653,0,0,0,1,0,0
CT,Gaurela Pendra Marwahi,,12011,146,11864,1,0,1,0,0,1,0,0
CT,Janjgir Champa,,57636,838,56766,32,1620632,2,0,4,19,1,8
CT,Jashpur,,27093,212,26867,14,852043,0,0,3,10,0,6
CT,Kabeerdham,,22771,267,22503,1,584667,0,0,0,1,0,0
CT,Kondagaon,,13139,99,13036,4,578326,0,0,0,4,0,1
CT,Korba,,54847,580,54228,39,1206563,5,0,2,23,0,11
CT,Koriya,,26980,177,26798,5,659039,0,1,0,6,1,0
CT,Mahasamund,,31365,365,31000,0,1032275,0,0,0,0,0,1
CT,Mungeli,,23921,167,23753,1,701707,0,0,0,1,0,2
CT,Narayanpur,,4019,14,4005,0,140206,0,0,0,0,0,1
CT,Other State,,805,131,666,8,0,1,0,0,4,0,3
CT,Raigarh,,62590,978,61597,15,1493627,2,0,4,8,0,8
CT,Raipur,,158035,3139,154852,44,4062160,9,0,3,33,0,15
CT,Rajnandgaon,,56077,515,55557,5,1537520,0,0,0,5,0,3
CT,Sukma,,8066,20,8041,5,249000,0,0,1,1,0,4
CT,Surajpur,,29029,224,28805,0,660280,0,0,0,0,0,0
CT,Surguja,,33673,245,33426,2,420661,0,0,0,2,0,0
CT,Uttar Bastar Kanker,,23636,224,23407,5,748593,0,0,0,3,0,1
DL,Delhi,,1439870,25091,1414431,348,19814000,45,0,46,267,0,239
DN,Dadra and Nagar Haveli,,5920,3,5910,7,343709,0,0,0,0,0,0
DN,Daman,,3543,1,3516,26,191173,0,0,1,0,0,2
DN,Diu,,1218,0,1218,0,52074,0,0,0,0,0,0
GA,North Goa,,0,0,0,0,817761,0,0,0,0,0,0
GA,South Goa,,0,0,0,0,639962,0,0,0,0,0,0
GA,Unknown,,178108,3364,174392,352,0,23,0,53,222,6,409
GJ,Ahmedabad,,238334,3411,234889,34,7208200,4,0,2,22,0,14
GJ,Amreli,,10810,102,10708,0,1513614,0,0,0,0,0,0
GJ,Anand,,9637,49,9581,7,2090276,0,0,0,6,0,1
GJ,Aravalli,,5186,78,5108,0,1051746,0,0,0,0,0,0
GJ,Banaskantha,,13631,162,13469,0,3116045,0,0,0,0,0,0
GJ,Bharuch,,11426,118,11308,0,1550822,0,0,0,0,0,0
GJ,Bhavnagar,,21447,301,21143,3,2877961,1,0,0,1,0,0
GJ,Botad,,2218,42,2176,0,656005,0,0,0,0,0,0
GJ,Chhota Udaipur,,3395,38,3357,0,1071831,0,0,0,0,0,0
GJ,Dahod,,9955,38,9917,0,2126558,0,0,0,0,0,0
GJ,Dang,,866,18,848,0,226769,0,0,0,0,0,0
GJ,Devbhumi Dwarka,,4175,82,4093,0,752484,0,0,0,0,0,0
GJ,Gandhinagar,,20754,205,20549,0,1387478,0,0,0,0,0,0
GJ,Gir Somnath,,8570,67,8499,4,1217477,0,0,0,2,0,2
GJ,Jamnagar,,34978,478,34494,6,2159130,0,0,1,5,0,3
GJ,Junagadh,,20505,272,20226,7,2742291,2,0,0,6,0,2
GJ,Kheda,,10439,48,10391,0,2298934,0,0,0,0,0,1
GJ,Kutch,,12631,145,12474,12,2090313,0,0,0,5,0,1
GJ,Mahisagar,,8194,72,8122,0,994624,0,0,0,0,0,0
GJ,Mehsana,,24419,177,24242,0,2027727,0,0,0,0,0,1
GJ,Morbi,,6502,87,6415,0,960329,0,0,0,0,0,0
GJ,Narmada,,5955,15,5940,0,590379,0,0,0,0,0,2
GJ,Navsari,,7215,24,7181,10,1330711,0,0,1,5,0,13
GJ,Other State,,162,3,159,0,0,0,0,0,0,0,0
GJ,Panchmahal,,11770,70,11700,0,2388267,0,0,0,0,0,0
GJ,Patan,,11624,129,11495,0,1342746,0,0,0,0,0,0
GJ,Porbandar,,3486,19,3467,0,586062,0,0,0,0,0,0
GJ,Rajkot,,57976,725,57243,8,3157676,0,0,7,7,0,7
GJ,Sabarkantha,,9317,157,9159,1,2427346,0,0,0,1,0,0
GJ,Surat,,143874,1956,141885,33,4996391,4,0,4,38,1,30
GJ,Surendranagar,,8121,136,7985,0,1755873,0,0,0,0,0,0
GJ,Tapi,,4441,24,4417,0,806489,0,0,0,0,0,0
GJ,Vadodara,,78159,788,77335,36,3639775,6,0,2,36,0,14
GJ,Valsad,,6405,53,6308,44,1703068,3,0,6,25,1,25
HP,Bilaspur,,14374,85,14120,169,382056,11,0,12,133,0,77
HP,Chamba,,13687,160,13492,35,518844,0,0,2,27,0,13
HP,Hamirpur,,17379,287,16741,351,454293,11,0,50,288,4,228
HP,Kangra,,50818,1125,48872,821,1507223,40,1,108,657,10,454
HP,Kinnaur,,3507,38,3465,4,84298,0,0,1,2,0,6
HP,Kullu,,9692,158,9496,38,437474,0,0,3,19,0,18
HP,Lahaul and Spiti,,2953,18,2935,0,31528,0,0,0,0,0,0
HP,Mandi,,31606,448,30983,175,999518,4,0,5,140,3,141
HP,Shimla,,27549,641,26786,122,813384,4,0,9,100,3,66
HP,Sirmaur,,15456,211,15244,1,530164,0,0,0,1,0,0
HP,Solan,,22817,314,22472,31,576670,4,0,2,25,0,27
HP,Una,,14268,253,13804,211,521057,11,0,6,145,0,124
HR,Ambala,,30150,509,29639,2,1136784,0,0,0,2,0,1
HR,Bhiwani,,22409,652,21757,0,1629109,0,0,0,0,0,0
HR,Charkhi Dadri,,5078,139,4939,0,502276,0,0,0,0,0,2
HR,Faridabad,,99902,716,99157,29,1798954,1,0,0,18,0,7
HR,Fatehabad,,17875,481,17394,0,941522,0,0,0,0,0,0
HR,Gurugram,,181428,922,180454,52,1514085,7,0,8,55,0,48
HR,Hisar,,53995,1136,52857,2,1742815,0,0,0,2,0,0
HR,Jhajjar,,18849,328,18514,7,956907,0,0,0,1,0,0
HR,Jind,,21209,533,20675,1,1332042,0,0,0,1,0,0
HR,Kaithal,,11244,346,10898,0,1072861,0,0,0,0,0,2
HR,Karnal,,40037,552,39484,1,1506323,1,0,0,1,0,0
HR,Kurukshetra,,22147,357,21789,1,964231,0,0,0,1,0,1
HR,Mahendragarh,,21689,155,21534,0,921680,0,0,0,0,0,0
HR,Nuh,,5014,123,4890,1,1089406,0,0,0,0,0,0
HR,Palwal,,11025,153,10872,0,1040493,0,0,0,0,0,0
HR,Panchkula,,30770,378,30379,13,558890,1,0,2,10,0,12
HR,Panipat,,31150,638,30510,2,1202811,1,0,0,1,0,0
HR,Rewari,,20327,221,20106,0,896129,0,0,0,0,0,4
HR,Rohtak,,25903,534,25350,19,1058683,0,0,0,0,0,1
HR,Sirsa,,29282,508,28771,3,1295114,0,0,0,3,0,2
HR,Sonipat,,47138,254,46884,0,1480080,0,0,0,0,0,1
HR,Yamunanagar,,24631,414,24215,2,1214162,0,0,0,0,0,6
JH,Bokaro,,19461,286,19170,5,2061918,0,0,0,15,0,13
JH,Chatra,,6033,53,5977,3,1042304,0,0,0,0,0,0
JH,Deoghar,,10835,113,10721,1,1491879,0,0,0,2,0,1
JH,Dhanbad,,16589,382,16196,11,2682662,0,0,1,24,0,13
JH,Dumka,,4636,47,4589,0,1321096,0,0,1,2,0,2
JH,East Singhbhum,,51974,1046,50907,21,2291032,0,0,3,47,2,42
JH,Garhwa,,6895,94,6801,0,1322387,0,0,1,6,0,7
JH,Giridih,,8964,130,8834,0,2445203,0,0,0,0,0,0
JH,Godda,,5840,87,5753,0,1311382,0,0,0,1,0,1
JH,Gumla,,9900,38,9857,5,1025656,0,0,0,5,0,0
JH,Hazaribagh,,19593,186,19404,3,1734005,0,0,0,3,0,3
JH,Jamtara,,5599,61,5534,4,790207,0,0,0,4,1,3
JH,Khunti,,7820,96,7724,0,530299,0,0,0,0,0,0
JH,Koderma,,12872,136,12736,0,717169,0,0,0,0,0,0
JH,Latehar,,7871,57,7814,0,725673,0,0,0,0,0,0
JH,Lohardaga,,6709,88,6621,0,461738,0,0,0,0,0,2
JH,Pakur,,2552,12,2539,1,899200,0,0,0,0,0,0
JH,Palamu,,12294,110,12184,0,1936319,0,0,0,0,0,0
JH,Ramgarh,,13923,197,13714,12,949159,0,0,0,7,0,0
JH,Ranchi,,86116,1585,84495,36,2912022,10,0,2,182,0,228
JH,Sahibganj,,4834,42,4792,0,1150038,0,0,0,0,0,0
JH,Saraikela-Kharsawan,,7207,67,7137,3,1063458,0,0,0,0,0,0
JH,Simdega,,7193,92,7101,0,599813,0,0,0,0,0,0
JH,West Singhbhum,,13054,133,12918,3,1501619,0,0,0,5,0,5
JK,Anantnag,,16603,205,16378,20,1070144,2,0,2,10,0,12
JK,Bandipora,,9814,102,9693,19,385099,1,0,0,13,0,19
JK,Baramulla,,24613,282,24196,135,1015503,10,0,6,96,0,64
JK,Budgam,,23844,207,23548,89,735753,10,0,10,63,0,53
JK,Doda,,7869,133,7704,32,409576,2,0,0,18,0,26
JK,Ganderbal,,10436,79,10313,44,297003,7,0,2,31,0,12
JK,Jammu,,53324,1145,52145,34,1526406,3,0,6,20,0,37
JK,Kathua,,9327,152,9175,0,615711,0,0,0,0,1,5
JK,Kishtwar,,4819,44,4773,2,230696,0,0,0,1,0,0
JK,Kulgam,,11489,117,11367,5,422786,1,0,2,2,0,5
JK,Kupwara,,14463,166,14268,29,875564,5,0,4,25,0,25
JK,Pulwama,,15512,194,15309,9,570060,4,0,0,5,0,5
JK,Punch,,6482,98,6371,13,476820,0,0,0,7,0,14
JK,Rajouri,,11272,237,11031,4,619266,0,0,0,4,0,7
JK,Ramban,,6043,67,5971,5,283313,1,0,0,3,0,0
JK,Reasi,,6626,43,6575,8,314714,0,0,2,4,0,10
JK,Samba,,7152,120,7032,0,318611,0,0,0,0,0,2
JK,Shopiyan,,5607,58,5549,0,265960,0,0,0,0,0,0
JK,Srinagar,,75539,846,74242,451,1269751,49,0,45,305,2,274
JK,Udhampur,,11415,137,11275,3,555357,0,0,0,4,0,2
KA,Bagalkote,,35178,333,34843,2,1890826,0,0,0,0,0,0
KA,Ballari,,97763,1689,95961,113,2532383,0,0,2,9,0,14
KA,Belagavi,,79900,938,78879,83,4778439,6,0,1,20,1,21
KA,Bengaluru Rural,,62005,890,61073,42,987257,3,0,3,23,2,27
KA,Bengaluru Urban,,1251872,16281,1229059,6532,9588910,137,7,204,1165,37,1093
KA,Bidar,,24340,400,23936,4,1700018,0,0,0,0,0,5
KA,Chamarajanagara,,33001,500,32469,32,1020962,0,0,4,6,0,15
KA,Chikkaballapura,,43951,429,43501,21,1254377,2,1,0,11,3,8
KA,Chikkamagaluru,,51126,395,50662,69,1137753,3,0,4,28,0,93
KA,Chitradurga,,36666,206,36412,48,1660378,3,0,3,17,0,12
KA,Dakshina Kannada,,115478,1680,113515,283,2083625,24,0,20,192,9,193
KA,Davanagere,,50989,608,50359,22,1946905,2,0,1,10,1,11
KA,Dharwad,,60970,1315,59639,16,1846993,0,1,3,4,3,10
KA,Gadag,,26066,319,25747,0,1065235,0,0,0,0,0,0
KA,Hassan,,111785,1256,110294,235,1776221,26,0,28,147,5,125
KA,Haveri,,21947,644,21301,2,1598506,1,0,1,1,1,2
KA,Kalaburagi,,61926,819,61087,20,2564892,3,0,0,9,0,5
KA,Kodagu,,37095,329,36616,150,554762,11,0,7,112,0,67
KA,Kolar,,46916,638,46266,12,1540231,2,0,5,18,3,31
KA,Koppal,,35198,521,34660,17,1391292,0,0,0,1,0,5
KA,Mandya,,73753,650,73029,74,1808680,8,0,2,48,0,36
KA,Mysuru,,179167,2416,176447,304,2994744,33,2,34,234,7,247
KA,Other State,,36,3,33,0,0,0,0,0,0,0,0
KA,Raichur,,39973,331,39641,1,1924773,0,0,1,1,0,4
KA,Ramanagara,,24204,320,23869,15,1082739,0,0,0,8,2,10
KA,Shivamogga,,69444,1088,68239,117,1755512,3,0,0,30,0,66
KA,Tumakuru,,120836,1127,119420,289,2681449,17,0,12,136,1,112
KA,Udupi,,76718,489,76181,48,1177908,2,0,6,49,0,75
KA,Uttara Kannada,,56218,766,55339,113,1353299,6,0,4,66,0,48
KA,Vijayapura,,36267,495,35764,8,2175102,0,0,0,2,0,2
KA,Yadgir,,27545,207,27337,1,1172985,0,0,0,0,0,2
KL,Alappuzha,,316160,1862,313515,783,2121943,270,1,455,2035,228,2526
KL,Ernakulam,,602800,3555,583842,15403,3279860,1046,11,918,7647,742,8539
KL,Idukki,,147118,519,140292,6307,1107453,550,1,195,2876,71,1866
KL,Kannur,,275264,2325,269475,3464,2525637,304,0,451,2611,301,3143
KL,Kasaragod,,138815,617,134824,3374,1302600,137,0,147,1054,31,1082
KL,Kollam,,390872,2451,383923,4498,2629703,592,0,848,4753,161,6283
KL,Kottayam,,322484,1356,315759,5369,1979384,506,5,155,4187,101,1611
KL,Kozhikode,,527346,3374,519030,4942,3089543,742,23,760,5386,513,5059
KL,Malappuram,,567584,2576,562111,2897,4110956,334,48,560,2634,108,2929
KL,Palakkad,,373839,2881,364351,6607,2810892,339,16,423,2560,175,2544
KL,Pathanamthitta,,193406,1076,184979,7351,1195537,447,2,406,2953,122,2635
KL,Thiruvananthapuram,,463977,4996,448304,10677,3307284,878,1,754,7056,118,4851
KL,Thrissur,,523260,3575,515481,4204,3110327,753,59,38,5751,388,3647
KL,Wayanad,,125732,518,121295,3919,816558,269,0,329,1823,30,1691
LA,Kargil,,3619,58,3556,5,143000,0,0,0,4,0,0
LA,Leh,,17343,150,17131,62,147000,11,0,9,54,0,28
LD,Lakshadweep,,10365,51,10270,44,64473,0,0,0,0,0,0
MH,Ahmednagar,,339457,7043,330122,2292,4543083,138,2,11,866,26,728
MH,Akola,,58764,1425,57318,21,1818617,0,0,1,3,0,7
MH,Amravati,,96231,1594,94618,19,2887826,1,0,0,3,0,0
MH,Aurangabad,,155331,4251,150615,465,3695928,27,0,0,156,1,157
MH,Beed,,103749,2806,100803,140,2585962,12,0,7,69,5,35
MH,Bhandara,,60080,1123,58945,12,1198810,0,0,0,0,0,1
MH,Buldhana,,85520,797,84710,13,2588039,3,0,1,16,1,16
MH,Chandrapur,,88968,1560,87387,21,2194262,2,0,0,7,0,0
MH,Dhule,,46172,654,45501,17,2048781,0,0,0,5,0,4
MH,Gadchiroli,,30440,669,29735,36,1071795,0,0,0,2,0,5
MH,Gondia,,40519,569,39941,9,1322331,0,0,0,2,0,3
MH,Hingoli,,18475,506,17949,20,1178973,0,0,0,0,0,3
MH,Jalgaon,,139934,2714,137178,42,4224442,0,0,2,4,0,11
MH,Jalna,,60615,1209,59382,24,1958483,0,0,0,15,0,47
MH,Kolhapur,,206671,5847,200699,125,3874015,12,0,5,55,2,115
MH,Latur,,92133,2437,89608,88,2455543,5,1,0,39,3,0
MH,Mumbai,,756749,16247,733318,7184,12442373,308,3,429,2242,34,2604
MH,Nagpur,,493607,9128,484334,145,4653171,4,0,5,35,0,43
MH,Nanded,,90409,2658,87721,30,3356566,2,0,3,28,0,22
MH,Nandurbar,,40006,948,39054,4,1646177,0,0,0,2,0,1
MH,Nashik,,410681,8679,401418,584,6109052,60,3,32,456,12,519
MH,Osmanabad,,67828,1963,65577,288,1660311,16,0,3,89,1,154
MH,Other State,,144,111,31,2,0,0,0,0,0,0,0
MH,Palghar,,138013,3282,134309,422,2990116,28,0,6,204,0,326
MH,Parbhani,,52362,1233,51078,51,1835982,0,0,1,13,1,9
MH,Pune,,1154776,19594,1131401,3781,9426959,245,0,300,1536,20,5294
MH,Raigad,,195958,4551,190759,648,2635394,26,0,34,267,10,359
MH,Ratnagiri,,78950,2478,76292,180,1612672,8,0,14,91,4,160
MH,Sangli,,209771,5613,203673,485,2820575,19,0,0,155,4,375
MH,Satara,,250414,6428,243482,504,3003922,35,1,4,157,17,501
MH,Sindhudurg,,52783,1434,50987,362,848868,12,0,6,91,4,259
MH,Solapur,,210466,5551,204364,551,4315527,51,4,7,253,11,370
MH,Thane,,610128,11462,597141,1525,11060148,153,6,525,1241,44,3002
MH,Wardha,,57344,1217,55956,171,1296157,2,0,2,5,0,4
MH,Washim,,41663,637,41020,6,1196714,1,0,0,4,0,5
MH,Yavatmal,,75967,1798,74159,10,2775457,2,0,1,6,0,7
ML,East Garo Hills,,1867,13,1844,10,317618,0,0,1,5,0,2
ML,East Jaintia Hills,,2430,31,2395,4,122436,0,0,0,2,0,3
ML,East Khasi Hills,,41025,987,39754,284,824059,14,1,18,171,2,286
ML,North Garo Hills,,1685,8,1674,3,118325,1,0,0,3,0,2
ML,Ribhoi,,9697,89,9584,24,258380,1,0,3,14,0,23
ML,South Garo Hills,,1216,12,1203,1,142574,0,0,0,0,0,1
ML,South West Garo Hills,,1872,17,1852,3,172495,0,0,1,3,0,3
ML,South West Khasi Hills,,2548,17,2525,6,110152,0,0,0,6,0,1
ML,West Garo Hills,,9027,72,8943,12,642923,3,0,1,8,0,11
ML,West Jaintia Hills,,6803,133,6642,28,270352,1,0,0,11,2,31
ML,West Khasi Hills,,5457,71,5330,56,385601,2,0,27,33,0,97
MN,Bishnupur,,0,0,0,0,240363,0,0,0,0,0,0
MN,Chandel,,0,0,0,0,144028,0,0,0,0,0,0
MN,Churachandpur,,0,0,0,0,271274,0,0,0,0,0,0
MN,Imphal East,,0,0,0,0,452661,0,0,0,0,0,0
MN,Imphal West,,0,0,0,0,514683,0,0,0,0,0,0
MN,Jiribam,,0,0,0,0,43818,0,0,0,0,0,0
MN,Kakching,,0,0,0,0,135481,0,0,0,0,0,0
MN,Kamjong,,0,0,0,0,45616,0,0,0,0,0,0
MN,Kangpokpi,,0,0,0,0,0,0,0,0,0,0,0
MN,Noney,,0,0,0,0,0,0,0,0,0,0,0
MN,Pherzawl,,0,0,0,0,47250,0,0,0,0,0,0
MN,Senapati,,0,0,0,0,354772,0,0,0,0,0,0
MN,Tamenglong,,0,0,0,0,140143,0,0,0,0,0,0
MN,Tengnoupal,,0,0,0,0,0,0,0,0,0,0,0
MN,Thoubal,,0,0,0,0,420517,0,0,0,0,0,0
MN,Ukhrul,,0,0,0,0,183115,0,0,0,0,0,0
MN,Unknown,,123731,1921,121102,708,0,63,1,62,439,10,652
MP,Agar Malwa,,3303,68,3235,0,0,0,0,0,0,0,0
MP,Alirajpur,,3505,48,3453,4,728677,0,0,0,0,0,0
MP,Anuppur,,9238,89,9140,9,749521,0,0,0,0,0,0
MP,Ashoknagar,,3670,57,3613,0,844979,0,0,0,0,0,0
MP,Balaghat,,9100,64,9017,19,1701156,2,0,0,2,0,0
MP,Barwani,,8366,90,8267,9,1385659,0,0,0,0,0,0
MP,Betul,,12905,277,12590,38,1575247,0,0,0,1,0,0
MP,Bhind,,2995,32,2960,3,1703562,0,0,0,0,0,0
MP,Bhopal,,123552,972,122121,459,2368145,2,0,0,38,0,0
MP,Burhanpur,,2568,39,2529,0,756993,0,0,0,0,0,0
MP,Chhatarpur,,7609,91,7506,12,1762857,0,0,0,0,0,0
MP,Chhindwara,,6734,120,6612,2,2090306,0,0,0,2,0,0
MP,Damoh,,8120,186,7841,93,1263703,0,0,0,0,0,0
MP,Datia,,6959,78,6874,7,786375,0,0,0,0,0,0
MP,Dewas,,7723,51,7672,0,1563107,0,0,0,0,0,0
MP,Dhar,,12572,130,12388,54,2184672,1,0,0,7,0,0
MP,Dindori,,4623,29,4588,6,704218,0,0,0,0,0,0
MP,Guna,,5132,44,5085,3,1240938,0,0,0,0,0,0
MP,Gwalior,,53106,633,52427,46,2030543,0,0,0,2,0,0
MP,Harda,,5055,96,4954,5,570302,0,0,0,0,0,0
MP,Hoshangabad,,10688,99,10570,19,1240975,0,0,0,0,0,0
MP,Indore,,153230,1391,151410,429,3272335,8,0,0,39,0,0
MP,Jabalpur,,50779,670,49896,213,2460714,0,0,0,3,0,0
MP,Jhabua,,7691,64,7619,8,1024091,0,0,0,1,0,0
MP,Katni,,9366,120,9242,4,1291684,0,0,0,0,0,0
MP,Khandwa,,4044,94,3946,4,1309443,0,0,0,0,0,0
MP,Khargone,,13970,239,13716,15,1872413,0,0,0,0,0,0
MP,Mandla,,5188,25,5159,4,1053522,0,0,0,0,0,0
MP,Mandsaur,,8637,84,8552,1,1339832,0,0,0,0,0,0
MP,Morena,,8236,95,8135,6,1965137,0,0,0,0,0,0
MP,Narsinghpur,,11209,81,11115,13,1092141,0,0,0,5,0,0
MP,Neemuch,,7926,84,7828,14,825958,0,0,0,0,0,0
MP,Niwari,,3715,48,3654,13,0,0,0,0,0,0,0
MP,Panna,,7331,63,7250,18,1016028,0,0,0,0,0,0
MP,Raigarh,,1,0,0,1,0,0,0,0,0,0,0
MP,Raisen,,9238,194,9030,14,1331699,0,0,0,0,0,0
MP,Rajgarh,,8729,172,8490,67,1546541,1,0,0,1,0,0
MP,Ratlam,,17860,385,17438,37,1454483,0,0,0,0,0,0
MP,Rewa,,16433,155,16270,8,2363744,0,0,0,0,0,0
MP,Sagar,,16622,390,16154,78,2378295,2,0,0,2,0,0
MP,Satna,,11965,133,11829,3,2228619,0,0,0,0,0,0
MP,Sehore,,10136,73,10057,6,1311008,0,0,0,0,0,0
MP,Seoni,,6775,28,6739,8,1378876,0,0,0,0,0,0
MP,Shahdol,,10085,118,9958,9,1064989,0,0,0,0,0,0
MP,Shajapur,,6349,74,6273,2,1512353,0,0,0,0,0,0
MP,Sheopur,,4000,78,3919,3,687952,0,0,0,0,0,0
MP,Shivpuri,,12398,125,12261,12,1725818,0,0,0,0,0,0
MP,Sidhi,,9219,87,9132,0,1126515,0,0,0,0,0,0
MP,Singrauli,,8801,82,8706,13,1178132,0,0,0,1,0,0
MP,Tikamgarh,,6863,114,6742,7,1444920,0,0,0,0,0,0
MP,Ujjain,,18903,172,18720,11,1986864,0,0,0,1,0,0
MP,Umaria,,6294,63,6224,7,643579,0,0,0,0,0,0
MP,Unknown,,1416,1493,1632,-1709,0,0,0,8,0,1,74
MP,Vidisha,,11922,237,11677,8,1458212,0,0,0,0,0,0
MZ,Aizawl,,75111,300,71337,3474,404054,361,1,365,1996,6,3014
MZ,Champhai,,5188,11,4745,432,125370,33,0,40,299,3,319
MZ,Hnahthial,,1020,3,857,160,0,1,0,29,143,0,185
MZ,Khawzawl,,733,0,688,45,0,2,0,0,42,0,26
MZ,Kolasib,,7721,30,7561,130,83054,10,0,2,94,0,154
MZ,Lawngtlai,,6740,23,6553,164,117444,14,0,13,98,1,245
MZ,Lunglei,,9842,27,9053,762,154094,71,0,36,662,1,507
MZ,Mamit,,4854,12,4448,394,85757,19,0,0,241,5,265
MZ,Saiha,,5469,14,5304,151,56366,0,1,37,107,5,345
MZ,Saitual,,471,2,420,49,0,3,0,21,30,0,53
MZ,Serchhip,,4210,10,3646,554,64875,65,0,67,386,0,572
NL,Dimapur,,14684,421,13471,792,379769,3,1,13,68,2,73
NL,Kiphire,,258,9,246,3,74033,0,0,0,2,0,1
NL,Kohima,,9461,123,9095,243,270063,4,0,0,23,0,24
NL,Longleng,,307,2,286,19,50593,0,0,0,0,0,7
NL,Mokokchung,,2333,54,2186,93,193171,3,0,2,23,2,5
NL,Mon,,1159,14,1124,21,259604,0,0,0,1,0,0
NL,Peren,,920,6,897,17,163294,0,0,0,1,0,1
NL,Phek,,601,18,568,15,163294,0,0,0,4,0,1
NL,Tuensang,,1094,12,1077,5,414801,1,0,6,2,1,28
NL,Wokha,,402,11,361,30,166239,0,0,0,6,0,4
NL,Zunheboto,,623,15,593,15,141014,0,0,0,0,1,0
OR,Angul,,43920,393,43506,21,1271703,1,0,3,16,2,20
OR,Balangir,,23397,126,23257,14,1648574,0,0,0,4,0,15
OR,Balasore,,40787,299,40389,99,2317419,5,0,14,67,1,80
OR,Bargarh,,31126,335,30762,29,1478833,0,0,1,18,0,16
OR,Bhadrak,,26480,150,26260,70,1506522,3,0,7,44,1,39
OR,Boudh,,12634,112,12488,34,439917,0,0,0,0,0,4
OR,Cuttack,,94631,857,93404,370,2618708,54,0,29,277,1,304
OR,Deogarh,,6553,50,6460,43,312164,2,0,3,41,0,10
OR,Dhenkanal,,19871,243,19598,30,1192948,5,0,0,25,0,16
OR,Gajapati,,9657,84,9555,18,575880,5,0,0,15,0,11
OR,Ganjam,,33849,485,33342,22,3520151,8,0,2,22,0,18
OR,Jagatsinghpur,,27920,316,27510,94,1136604,9,0,12,76,1,78
OR,Jajpur,,43735,172,43461,102,1826275,9,0,8,75,0,73
OR,Jharsuguda,,23863,176,23673,14,579499,3,0,0,13,0,10
OR,Kalahandi,,24314,210,24082,22,1573054,2,0,0,15,0,1
OR,Kandhamal,,11537,83,11453,1,731952,0,0,0,0,0,5
OR,Kendrapara,,24860,252,24545,63,1439891,8,0,8,62,1,52
OR,Kendujhar,,20980,175,20798,7,1802777,1,0,2,4,2,3
OR,Khordha,,175335,1552,171938,1845,2246341,250,2,243,1492,8,1654
OR,Koraput,,19137,78,19044,15,1376934,1,0,2,11,0,20
OR,Malkangiri,,11667,49,11613,5,612727,0,0,3,2,0,4
OR,Mayurbhanj,,40844,286,40416,142,2513895,19,1,8,126,5,93
OR,Nabarangapur,,23549,86,23461,2,1218762,0,0,0,1,0,2
OR,Nayagarh,,23505,212,23261,32,962215,2,0,3,28,1,24
OR,Nuapada,,22924,84,22803,37,606490,1,0,3,36,0,5
OR,Puri,,45431,459,44903,69,1697983,15,1,7,68,1,69
OR,Rayagada,,20224,167,19981,76,961959,6,0,3,18,0,16
OR,Sambalpur,,31651,240,31315,96,1044410,13,0,24,88,0,113
OR,State Pool,,32048,0,31587,461,0,53,0,57,338,0,401
OR,Subarnapur,,13187,61,13115,11,652107,0,0,0,5,0,3
OR,Sundargarh,,61841,594,61167,80,2080664,13,0,8,59,0,71
PB,Amritsar,,47379,1598,45757,24,2490891,4,0,1,23,2,9
PB,Barnala,,5950,244,5696,10,596294,0,0,0,2,0,0
PB,Bathinda,,41728,1042,40668,18,1388859,1,0,0,15,0,8
PB,Faridkot,,13927,315,13602,10,618008,1,0,1,7,0,7
PB,Fatehgarh Sahib,,8876,335,8538,3,599814,0,0,0,2,1,1
PB,Fazilka,,20271,528,19729,14,1180483,1,0,1,8,0,4
PB,Ferozepur,,14347,504,13832,11,2026831,4,0,3,13,0,9
PB,Gurdaspur,,22381,801,21576,4,2299026,0,0,0,3,1,3
PB,Hoshiarpur,,30822,986,29828,8,1582793,2,1,2,10,2,12
PB,Jalandhar,,63396,1496,61864,36,2181753,1,0,1,20,1,12
PB,Kapurthala,,17852,556,17294,2,817668,0,0,0,2,0,7
PB,Ludhiana,,87608,2106,85484,18,3487882,0,0,4,16,1,24
PB,Mansa,,15606,380,15226,0,768808,0,0,0,0,0,1
PB,Moga,,8675,233,8440,2,992289,0,0,0,1,0,8
PB,Pathankot,,18814,419,18373,22,626154,6,0,1,20,0,7
PB,Patiala,,48927,1358,47561,8,2892282,0,0,2,6,0,15
PB,Rupnagar,,12963,423,12517,23,683349,2,0,3,20,0,7
PB,S.A.S. Nagar,,68821,1068,67726,27,986147,3,0,5,18,0,21
PB,Sangrur,,15762,875,14884,3,1654408,1,0,1,3,0,3
PB,Shahid Bhagat Singh Nagar,,11469,388,11080,1,614362,0,0,0,1,0,1
PB,Sri Muktsar Sahib,,18784,524,18257,3,902702,0,0,0,2,0,0
PB,Tarn Taran,,8043,380,7659,4,1120070,0,0,0,0,0,3
PY,Karaikal,,16488,250,16150,88,200222,6,0,9,53,0,63
PY,Mahe,,5867,47,5744,76,41816,10,0,10,58,0,46
PY,Puducherry,,98885,1453,97171,261,950289,22,0,25,163,0,202
PY,Yanam,,6773,107,6661,5,55626,0,0,1,4,0,4
RJ,Ajmer,,37769,410,37352,7,2584913,0,0,0,6,0,8
RJ,Alwar,,59694,307,59387,0,3671999,0,0,0,0,0,0
RJ,BSF Camp,,85,0,85,0,0,0,0,0,0,0,0
RJ,Banswara,,10005,104,9901,0,1798194,0,0,0,0,0,0
RJ,Baran,,11996,61,11934,1,1223921,0,0,0,1,0,0
RJ,Barmer,,15563,185,15377,1,2604453,0,0,0,1,0,0
RJ,Bharatpur,,19601,260,19341,0,2549121,0,0,0,0,0,0
RJ,Bhilwara,,29781,156,29625,0,2410459,0,0,0,0,0,0
RJ,Bikaner,,40339,545,39792,2,2367745,0,0,1,2,0,1
RJ,Bundi,,7967,48,7919,0,1113725,0,0,0,0,0,0
RJ,Chittorgarh,,19809,139,19670,0,1544392,0,0,0,0,0,0
RJ,Churu,,16720,107,16613,0,2041172,0,0,0,0,0,0
RJ,Dausa,,13351,62,13289,0,1637226,0,0,0,0,0,0
RJ,Dholpur,,11010,48,10962,0,1207293,0,0,1,0,0,2
RJ,Dungarpur,,18407,131,18276,0,1388906,0,0,0,0,0,0
RJ,Evacuees,,61,0,61,0,0,0,0,0,0,0,0
RJ,Ganganagar,,19354,150,19203,1,1969520,0,0,0,1,0,0
RJ,Hanumangarh,,16053,111,15942,0,1779650,0,0,0,0,0,0
RJ,Italians,,2,0,2,0,0,0,0,0,0,0,0
RJ,Jaipur,,187804,1970,185816,18,6663971,2,0,0,16,0,9
RJ,Jaisalmer,,13639,66,13573,0,672008,0,0,0,0,0,0
RJ,Jalore,,10067,72,9995,0,1830151,0,0,0,0,0,0
RJ,Jhalawar,,13612,187,13425,0,1411327,0,0,0,0,0,0
RJ,Jhunjhunu,,14811,158,14653,0,2139658,0,0,0,0,0,0
RJ,Jodhpur,,112412,1103,111308,1,3685681,0,0,0,0,0,3
RJ,Karauli,,7156,70,7086,0,1458459,0,0,0,0,0,0
RJ,Kota,,57053,449,56603,1,1950491,0,0,0,0,0,0
RJ,Nagaur,,17737,177,17560,0,3309234,0,0,0,0,0,0
RJ,Other State,,189,39,150,0,0,0,0,0,0,0,0
RJ,Pali,,27324,287,27037,0,2038533,0,0,0,0,0,1
RJ,Pratapgarh,,7143,63,7080,0,868231,0,0,0,0,0,0
RJ,Rajsamand,,17044,169,16875,0,1158283,0,0,0,0,0,0
RJ,Sawai Madhopur,,10618,61,10557,0,1338114,0,0,0,0,0,2
RJ,Sikar,,30618,335,30283,0,2677737,0,0,0,0,0,0
RJ,Sirohi,,13732,79,13653,0,1037185,0,0,0,0,0,0
RJ,Tonk,,9498,92,9406,0,1421711,0,0,0,0,0,0
RJ,Udaipur,,56405,753,55652,0,3067549,0,0,0,0,0,0
SK,East Sikkim,,0,0,0,0,281293,0,0,0,0,0,0
SK,North Sikkim,,0,0,0,0,43354,0,0,0,0,0,0
SK,South Sikkim,,0,0,0,0,146742,0,0,0,0,0,0
SK,Unknown,,31979,396,31063,520,0,21,1,8,79,2,76
SK,West Sikkim,,0,0,0,0,136299,0,0,0,0,0,0
TG,Adilabad,,0,0,0,0,708952,0,0,0,0,0,0
TG,Bhadradri Kothagudem,,0,0,0,0,1304811,0,0,0,0,0,0
TG,Hyderabad,,0,0,0,0,3441992,0,0,0,0,0,0
TG,Jagtial,,0,0,0,0,983414,0,0,0,0,0,0
TG,Jangaon,,0,0,0,0,582457,0,0,0,0,0,0
TG,Jayashankar Bhupalapally,,0,0,0,0,712257,0,0,0,0,0,0
TG,Jogulamba Gadwal,,0,0,0,0,664971,0,0,0,0,0,0
TG,Kamareddy,,0,0,0,0,972625,0,0,0,0,0,0
TG,Karimnagar,,0,0,0,0,1016063,0,0,0,0,0,0
TG,Khammam,,0,0,0,0,1401639,0,0,0,0,0,0
TG,Komaram Bheem,,0,0,0,0,515835,0,0,0,0,0,0
TG,Mahabubabad,,0,0,0,0,1318110,0,0,0,0,0,0
TG,Mahabubnagar,,0,0,0,0,0,0,0,0,0,0,0
TG,Mancherial,,0,0,0,0,807037,0,0,0,0,0,0
TG,Medak,,0,0,0,0,767428,0,0,0,0,0,0
TG,Medchal Malkajgiri,,0,0,0,0,2542203,0,0,0,0,0,0
TG,Mulugu,,0,0,0,0,294671,0,0,0,0,0,0
TG,Nagarkurnool,,0,0,0,0,893308,0,0,0,0,0,0
TG,Nalgonda,,0,0,0,0,1631399,0,0,0,0,0,0
TG,Narayanpet,,0,0,0,0,566874,0,0,0,0,0,0
TG,Nirmal,,0,0,0,0,709415,0,0,0,0,0,0
TG,Nizamabad,,0,0,0,0,1534428,0,0,0,0,0,0
TG,Peddapalli,,0,0,0,0,795332,0,0,0,0,0,0
TG,Rajanna Sircilla,,0,0,0,0,546121,0,0,0,0,0,0
TG,Ranga Reddy,,0,0,0,0,2551731,0,0,0,0,0,0
TG,Sangareddy,,0,0,0,0,1527628,0,0,0,0,0,0
TG,Siddipet,,0,0,0,0,993376,0,0,0,0,0,0
TG,Suryapet,,0,0,0,0,1099560,0,0,0,0,0,0
TG,Unknown,,671463,3956,663498,4009,0,121,1,183,1189,9,1121
TG,Vikarabad,,0,0,0,0,881250,0,0,0,0,0,0
TG,Wanaparthy,,0,0,0,0,751553,0,0,0,0,0,0
TG,Warangal Rural,,0,0,0,0,716457,0,0,0,0,0,0
TG,Warangal Urban,,0,0,0,0,1135707,0,0,0,0,0,0
TG,Yadadri Bhuvanagiri,,0,0,0,0,726465,0,0,0,0,0,0
TN,Airport Quarantine,,2113,2,2107,4,0,0,0,0,1,0,1
TN,Ariyalur,,16854,261,16548,45,752481,5,0,3,35,1,44
TN,Chengalpattu,,171777,2506,168327,944,2556244,83,2,93,627,5,706
TN,Chennai,,554672,8546,544701,1425,7100000,118,4,143,880,12,1093
TN,Coimbatore,,246780,2416,243070,1294,3472578,120,1,126,869,15,988
TN,Cuddalore,,64085,867,62997,221,2600880,16,0,18,129,0,132
TN,Dharmapuri,,28425,274,27957,194,1502900,16,0,21,110,1,161
TN,Dindigul,,33099,645,32348,106,2161367,9,0,7,58,1,51
TN,Erode,,104303,686,102836,781,2259608,68,2,94,477,4,573
TN,Kallakurichi,,31364,210,31056,98,1370281,14,0,23,66,0,118
TN,Kancheepuram,,74970,1258,73386,326,1166401,30,0,37,225,2,259
TN,Kanyakumari,,62362,1048,61112,202,1863178,17,0,12,120,0,102
TN,Karur,,24091,356,23523,212,1076588,20,0,16,136,1,90
TN,Krishnagiri,,43570,348,43036,186,1883731,16,0,19,134,1,160
TN,Madurai,,75215,1172,73853,190,3991038,13,0,17,99,3,122
TN,Mayiladuthurai,,23280,316,22878,86,901000,3,0,10,41,0,80
TN,Nagapattinam,,21074,346,20561,167,1614069,16,1,20,97,10,121
TN,Namakkal,,52245,498,51253,494,1721179,43,0,51,315,2,397
TN,Nilgiris,,33566,212,33164,190,735071,20,2,25,124,3,220
TN,Perambalur,,12067,243,11790,34,564511,2,0,5,26,0,27
TN,Pudukkottai,,30183,416,29627,140,1918725,12,0,8,75,2,68
TN,Railway Quarantine,,428,0,428,0,0,0,0,0,0,0,0
TN,Ramanathapuram,,20564,357,20158,49,1337560,3,0,6,25,0,55
TN,Ranipet,,43436,775,42557,104,1210277,14,0,14,69,2,73
TN,Salem,,99893,1685,97619,589,3480008,62,1,67,427,3,442
TN,Sivaganga,,20195,206,19854,135,1341250,13,0,9,82,0,78
TN,Tenkasi,,27357,484,26834,39,1407627,4,0,4,25,0,14
TN,Thanjavur,,75352,972,73874,506,2402781,37,0,59,310,6,428
TN,Theni,,43571,521,43018,32,1243684,1,1,5,15,1,23
TN,Thiruvallur,,119370,1842,117138,390,3725697,28,0,55,252,3,396
TN,Thiruvarur,,41461,442,40760,259,1268094,23,2,22,170,5,253
TN,Thoothukkudi,,56304,409,55757,138,1738376,11,1,9,85,1,90
TN,Tiruchirappalli,,77534,1059,76038,437,2713858,37,0,49,302,5,334
TN,Tirunelveli,,49374,432,48812,130,1665253,11,1,13,93,1,125
TN,Tirupathur,,29301,625,28600,76,1111812,10,0,8,50,0,66
TN,Tiruppur,,95405,979,93683,743,2471222,69,1,53,504,5,537
TN,Tiruvannamalai,,54968,667,54122,179,2468965,18,0,28,120,0,158
TN,Vellore,,49864,1131,48564,169,1614242,12,0,15,117,1,139
TN,Viluppuram,,45857,356,45382,119,2093003,10,0,11,79,1,83
TN,Virudhunagar,,46294,548,45687,59,1943309,5,0,8,38,0,45
TR,Dhalai,,7037,35,7000,2,377988,0,0,0,1,0,2
TR,Gomati,,8134,74,8043,17,436868,0,0,0,8,0,3
TR,Khowai,,4559,54,4500,5,327391,2,0,0,3,0,0
TR,North Tripura,,7250,34,7199,17,415946,2,0,0,4,0,8
TR,Sipahijala,,6360,75,6273,12,484233,0,0,0,8,0,4
TR,South Tripura,,10168,53,10104,11,433737,1,0,0,4,0,1
TR,Unokoti,,8609,68,8530,11,277335,1,0,0,4,0,3
TR,West Tripura,,32351,420,31817,114,917534,6,0,2,55,0,41
UP,Agra,,25765,457,25308,0,4380793,0,0,0,0,0,2
UP,Aligarh,,21280,108,21172,0,3673849,0,0,0,0,0,0
UP,Ambedkar Nagar,,5040,152,4885,3,2398709,0,0,0,1,0,0
UP,Amethi,,9972,143,9828,1,2549935,0,0,0,0,0,2
UP,Amroha,,16616,203,16412,1,1838771,0,0,0,0,0,0
UP,Auraiya,,10090,203,9887,0,1372287,0,0,0,0,0,0
UP,Ayodhya,,16919,290,16629,0,2468371,0,0,0,0,0,1
UP,Azamgarh,,17906,228,17675,3,4616509,0,0,0,2,0,0
UP,Baghpat,,9132,141,8991,0,1302156,0,0,0,0,0,0
UP,Bahraich,,11549,178,11371,0,2384239,0,0,0,0,0,0
UP,Ballia,,21610,234,21376,0,3223642,0,0,0,0,0,0
UP,Balrampur,,7494,138,7354,2,2149066,1,0,0,2,0,0
UP,Banda,,10992,158,10832,2,1799541,0,0,0,1,0,0
UP,Barabanki,,19850,225,19624,1,3257983,0,0,0,1,0,0
UP,Bareilly,,44028,377,43650,1,4465344,0,0,0,1,0,1
UP,Basti,,11717,330,11385,2,2461056,1,0,0,2,0,0
UP,Bhadohi,,7720,163,7557,0,1554203,0,0,0,0,0,1
UP,Bijnor,,14794,126,14668,0,3683896,0,0,0,0,0,0
UP,Budaun,,14941,98,14843,0,3712738,0,0,0,0,0,0
UP,Bulandshahr,,20215,243,19972,0,3498507,0,0,0,0,1,0
UP,Chandauli,,16208,356,15852,0,1952713,0,0,0,0,0,1
UP,Chitrakoot,,7110,79,7031,0,990626,0,0,0,0,0,0
UP,Deoria,,20223,220,20003,0,3098637,0,0,0,0,0,0
UP,Etah,,9968,99,9868,1,1761152,0,0,0,0,0,0
UP,Etawah,,13933,293,13640,0,1579160,0,0,0,0,0,0
UP,Farrukhabad,,10348,194,10153,1,1887577,0,0,0,1,0,0
UP,Fatehpur,,6814,139,6674,1,2632684,0,0,0,1,0,0
UP,Firozabad,,8720,135,8585,0,2496761,0,0,0,0,0,0
UP,Gautam Buddha Nagar,,63353,467,62876,10,1674714,1,0,2,6,0,13
UP,Ghaziabad,,55673,461,55207,5,4661452,1,0,0,3,0,2
UP,Ghazipur,,21641,282,21359,0,3622727,0,0,0,0,0,2
UP,Gonda,,12282,266,12016,0,3431386,0,0,0,0,0,0
UP,Gorakhpur,,59439,848,58588,3,4436275,0,0,1,1,0,4
UP,Hamirpur,,5232,102,5130,0,1104021,0,0,0,0,0,0
UP,Hapur,,12638,217,12421,0,1338211,0,0,0,0,0,2
UP,Hardoi,,13755,349,13406,0,4091380,0,0,0,0,0,0
UP,Hathras,,2920,43,2877,0,1565678,0,0,0,0,0,0
UP,Jalaun,,11687,202,11482,3,1670718,0,0,0,3,0,0
UP,Jaunpur,,22584,235,22349,0,4476072,0,0,0,0,0,2
UP,Jhansi,,36556,663,35892,1,2000755,1,0,0,1,0,0
UP,Kannauj,,9231,114,9115,2,1658005,0,0,0,0,0,0
UP,Kanpur Dehat,,6197,110,6087,0,1795092,0,0,0,0,0,0
UP,Kanpur Nagar,,82933,1905,81024,4,4572951,0,0,0,3,0,1
UP,Kasganj,,4250,53,4197,0,1438156,0,0,0,0,0,0
UP,Kaushambi,,4424,70,4353,1,1596909,0,0,0,1,0,0
UP,Kushinagar,,15617,228,15389,0,3560830,0,0,0,0,0,0
UP,Lakhimpur Kheri,,24410,292,24117,1,4013634,0,0,0,1,0,0
UP,Lalitpur,,12742,128,12613,1,1218002,0,0,0,1,0,0
UP,Lucknow,,238839,2651,236165,23,4588455,0,0,0,10,0,10
UP,Maharajganj,,12440,140,12300,0,2665292,0,0,0,0,0,0
UP,Mahoba,,4268,86,4182,0,876055,0,0,0,0,0,0
UP,Mainpuri,,10028,182,9846,0,1847194,0,0,0,0,0,0
UP,Mathura,,20297,402,19893,2,2541894,0,0,0,1,0,1
UP,Mau,,8333,80,8252,1,2205170,0,0,0,1,0,1
UP,Meerut,,69480,898,68567,15,3447405,1,0,0,13,0,3
UP,Mirzapur,,11088,116,10972,0,2494533,0,0,1,0,0,1
UP,Moradabad,,39102,349,38752,1,4773138,0,0,1,0,0,1
UP,Muzaffarnagar,,31009,269,30737,3,4138605,0,0,0,1,0,0
UP,Pilibhit,,11032,193,10838,1,2037225,0,0,0,0,0,0
UP,Pratapgarh,,16038,163,15875,0,3173752,0,0,0,0,0,0
UP,Prayagraj,,78699,1088,77609,2,5959798,0,0,1,1,0,6
UP,Rae Bareli,,17104,343,16761,0,3404004,0,0,0,0,0,0
UP,Rampur,,11826,148,11676,2,2335398,0,0,0,2,0,0
UP,Saharanpur,,32730,420,32309,1,3464228,0,0,0,0,0,0
UP,Sambhal,,9438,106,9331,1,2217020,0,0,0,0,0,0
UP,Sant Kabir Nagar,,8159,98,8061,0,1714300,0,0,0,0,0,0
UP,Shahjahanpur,,20361,444,19916,1,3002376,0,0,0,0,0,0
UP,Shamli,,12976,45,12931,0,1274815,0,0,0,0,0,0
UP,Shrawasti,,4388,35,4353,0,1114615,0,0,0,0,0,0
UP,Siddharthnagar,,9373,100,9273,0,2553526,0,0,0,0,0,0
UP,Sitapur,,12398,185,12211,2,4474446,0,0,0,0,0,0
UP,Sonbhadra,,16807,251,16556,0,1862612,0,0,0,0,0,0
UP,Sultanpur,,14915,138,14777,0,3790922,0,0,0,0,0,0
UP,Unnao,,15011,254,14757,0,3110595,0,0,0,0,0,0
UP,Varanasi,,85501,971,84528,2,3682194,0,0,0,2,0,1
UT,Almora,,12190,196,11378,616,621927,0,0,0,7,0,7
UT,Bageshwar,,5764,60,5678,26,259840,0,0,0,1,0,0
UT,Chamoli,,12242,62,11972,208,391114,0,0,0,4,0,4
UT,Champawat,,7603,53,7358,192,259315,1,0,0,3,0,0
UT,Dehradun,,112363,3521,108137,705,1698560,3,0,4,30,0,24
UT,Haridwar,,51498,1019,49096,1383,1927029,1,0,0,10,1,8
UT,Nainital,,39232,944,38140,148,955128,0,0,3,10,0,14
UT,Pauri Garhwal,,17686,315,16668,703,686527,0,0,0,3,0,5
UT,Pithoragarh,,10260,181,9962,117,485993,0,0,1,3,0,6
UT,Rudraprayag,,8800,106,8535,159,236857,0,0,1,0,0,3
UT,Tehri Garhwal,,15835,108,14827,900,616409,0,0,0,0,0,0
UT,Udham Singh Nagar,,37875,761,36315,799,1648367,0,0,0,0,0,3
UT,Uttarkashi,,12548,74,12129,345,329686,0,0,0,4,0,0
WB,Alipurduar,,15589,102,15441,46,1700000,4,0,5,31,0,35
WB,Bankura,,36313,274,35839,200,3596292,30,0,21,161,1,133
WB,Birbhum,,41197,286,40727,184,3502387,20,0,20,176,0,102
WB,Cooch Behar,,29275,97,29060,118,2822780,10,0,13,77,0,93
WB,Dakshin Dinajpur,,17889,170,17573,146,1670931,14,0,16,111,1,108
WB,Darjeeling,,57143,539,56326,278,1842034,23,0,31,189,1,214
WB,Hooghly,,86300,990,84650,660,5520389,58,0,74,472,2,497
WB,Howrah,,98757,1524,96567,666,4841638,73,0,73,518,2,473
WB,Jalpaiguri,,41982,572,41256,154,3869675,16,1,17,102,6,120
WB,Jhargram,,12135,27,12063,45,1136548,3,0,5,25,0,39
WB,Kalimpong,,7036,54,6950,32,251642,2,0,4,18,0,28
WB,Kolkata,,322541,5152,315146,2243,4486679,274,6,244,1843,25,1553
WB,Malda,,33406,186,33121,99,3997970,32,0,8,77,0,51
WB,Murshidabad,,33993,328,33605,60,7102430,5,0,8,48,1,40
WB,Nadia,,73333,859,72054,420,5168488,31,1,48,302,8,326
WB,North 24 Parganas,,329257,4833,323097,1327,10082852,144,6,147,1066,27,961
WB,Other State,,66,3,63,0,0,0,0,0,0,0,0
WB,Paschim Bardhaman,,57778,356,57184,238,2882031,32,0,25,213,1,149
WB,Paschim Medinipur,,53581,507,52820,254,5094238,26,0,28,181,1,198
WB,Purba Bardhaman,,42005,198,41588,219,4835532,16,0,25,147,2,176
WB,Purba Medinipur,,63098,397,62549,152,4417377,16,0,17,94,1,120
WB,Purulia,,19419,113,19283,23,2927965,2,0,3,17,0,21
WB,South 24 Parganas,,100957,1336,98950,671,8153176,75,1,74,542,5,470
WB,Uttar Dinajpur,,19858,238,19559,61,3000849,8,0,7,43,2,46
